CASE_ID,ACCIDENT_YEAR,PROC_DATE,JURIS,COLLISION_DATE,COLLISION_TIME,OFFICER_ID,REPORTING_DISTRICT,DAY_OF_WEEK,CHP_SHIFT,POPULATION,CNTY_CITY_LOC,SPECIAL_COND,BEAT_TYPE,CHP_BEAT_TYPE,CITY_DIVISION_LAPD,CHP_BEAT_CLASS,BEAT_NUMBER,PRIMARY_RD,SECONDARY_RD,DISTANCE,DIRECTION,INTERSECTION,WEATHER_1,WEATHER_2,STATE_HWY_IND,CALTRANS_COUNTY,CALTRANS_DISTRICT,STATE_ROUTE,ROUTE_SUFFIX,POSTMILE_PREFIX,POSTMILE,LOCATION_TYPE,RAMP_INTERSECTION,SIDE_OF_HWY,TOW_AWAY,COLLISION_SEVERITY,NUMBER_KILLED,NUMBER_INJURED,PARTY_COUNT,PRIMARY_COLL_FACTOR,PCF_CODE_OF_VIOL,PCF_VIOL_CATEGORY,PCF_VIOLATION,PCF_VIOL_SUBSECTION,HIT_AND_RUN,TYPE_OF_COLLISION,MVIW,PED_ACTION,ROAD_SURFACE,ROAD_COND_1,ROAD_COND_2,LIGHTING,CONTROL_DEVICE,CHP_ROAD_TYPE,PEDESTRIAN_ACCIDENT,BICYCLE_ACCIDENT,MOTORCYCLE_ACCIDENT,TRUCK_ACCIDENT,NOT_PRIVATE_PROPERTY,ALCOHOL_INVOLVED,STWD_VEHTYPE_AT_FAULT,CHP_VEHTYPE_AT_FAULT,COUNT_SEVERE_INJ,COUNT_VISIBLE_INJ,COUNT_COMPLAINT_PAIN,COUNT_PED_KILLED,COUNT_PED_INJURED,COUNT_BICYCLIST_KILLED,COUNT_BICYCLIST_INJURED,COUNT_MC_KILLED,COUNT_MC_INJURED,PRIMARY_RAMP,SECONDARY_RAMP,LATITUDE,LONGITUDE,COUNTY,CITY,POINT_X,POINT_Y
90505832,2017,2017-11-07,9255,2017-07-02,1415,019557,,7,2,9,0500,0,3,5,,2,001,SR-49,"DEL ORTO RD.",6336.00,N,N,A,-,Y,,,49,,,,,,,Y,1,1,1,1,A,-,03,22350,,N,E,I,A,A,H,-,A,D,0,,,Y,,Y,,C,02,0,0,1,0,0,0,0,1,1,"- ","- ",38.306069999999998,-120.72905,CALAVERAS,UNINCORPORATED,-120.72904973,38.306050079999999
91012673,2019,2019-06-18,9255,2019-06-15,0250,013939,,6,3,9,0500,0,2,4,,2,042,"PARROTS FERRY ROAD","CONFLUENCE LANE",36.00,N,N,A,-,N,,,,,,,,,,Y,2,0,1,1,A,-,03,22350,,N,F,A,A,A,H,-,D,D,0,,,Y,,Y,,C,02,1,0,0,0,0,0,0,0,1,"- ","- ",38.081951141357422,-120.45937347412109,CALAVERAS,UNINCORPORATED,-120.45936584472656,38.081779479980469
91443077,2021,2021-04-05,9255,2021-02-10,1751,019996,,3,2,9,0500,0,1,3,,1,021,"STATE ROUTE 4","HORSESHOE ROAD",2112.00,W,N,A,B,Y,,,4,,,,,,,Y,1,1,0,1,A,-,03,22350,,N,F,A,A,A,H,-,A,D,0,,,Y,,Y,Y,C,02,0,0,0,0,0,0,0,1,0,"- ","- ",37.952579498291016,-120.69513702392578,CALAVERAS,UNINCORPORATED,-120.69505310058594,37.952522277832031
90868702,2018,2018-11-27,9255,2018-11-25,1120,020142,,7,1,9,0500,0,1,3,,1,011,SR-26,"CAMPO SECO TPKE",3696.00,W,N,A,-,Y,,,26,,,,,,,Y,2,0,1,1,A,-,03,22350,,N,F,A,A,A,H,-,A,D,0,,,Y,,Y,,C,02,1,0,0,0,0,0,0,0,1,"- ","- ",38.274150848388672,-120.73123168945312,CALAVERAS,UNINCORPORATED,-120.73118591308594,38.274162292480469
92096788,2023,2023-06-19,9255,2023-06-11,1810,017324,,7,2,9,0500,0,3,5,,2,002,"ROCK CREEK ROAD","FELIX DRIVE",8448.00,S,N,A,-,N,,,,,,,,,,Y,2,0,2,1,A,-,01,23152,A,N,F,A,A,A,H,-,A,D,0,,,Y,,Y,Y,C,03,2,0,0,0,0,0,0,0,2,"- ","- ",38.021209716796875,-120.69587707519531,CALAVERAS,UNINCORPORATED,-120.74790191650391,38.018802642822266
91585680,2021,2021-10-01,9255,2021-09-25,0630,018492,,6,1,9,0500,0,1,3,,2,050,SR-4,"SKYLINE DR",1056.00,E,N,A,-,Y,,,4,,,,,,,N,2,0,1,1,A,-,08,22107,,N,E,I,A,A,H,-,B,D,0,,,,,Y,,D,22,1,0,0,0,0,0,0,0,0,"- ","- ",38.419010162353516,-120.09349822998047,CALAVERAS,UNINCORPORATED,-120.09349822998047,38.41900634765625
91694695,2022,2022-02-07,9255,2022-01-22,1925,020142,,6,2,9,0500,0,3,5,,2,004,"FULLEN ROAD","AVERY SHEEP RANCH ROAD",120.00,S,N,A,-,N,,,,,,,,,,Y,2,0,1,2,A,-,03,22350,,F,F,A,A,A,H,-,D,D,0,,,Y,,Y,,C,02,1,0,0,0,0,0,0,0,1,"- ","- ",38.194339752197266,-120.40409851074219,CALAVERAS,UNINCORPORATED,-120.40414428710938,38.194377899169922
90538374,2017,2017-08-31,9255,2017-08-26,1425,015872,,6,2,9,0500,0,1,3,,2,040,SR-4,"SUNSET RIDGE COURT",192.00,E,N,A,-,Y,,,4,,,,,,,Y,2,0,3,2,A,-,05,21460,A,N,A,C,A,A,H,-,A,D,0,,,,,Y,,A,07,3,0,0,0,0,0,0,0,0,"- ","- ",38.168520000000001,-120.41448,CALAVERAS,UNINCORPORATED,-120.41446062,38.168496130000001
90722672,2018,2018-05-09,9255,2018-05-03,1544,017324,,4,2,9,0500,0,2,4,,1,022,"O'BYRNES FERRY ROAD","DUCHESS DR",528.00,S,N,A,-,N,,,,,,,,,,Y,2,0,1,1,A,-,08,22107,,N,E,I,A,A,H,-,A,D,0,,,Y,,Y,,C,02,1,0,0,0,0,0,0,0,1,"- ","- ",37.902111053466797,-120.580810546875,CALAVERAS,UNINCORPORATED,-120.58115386962891,37.903011322021484
92302235,2024,2024-01-31,9255,2024-01-27,1000,017537,,6,1,9,0500,0,3,5,,2,004,"VALECITO RD",SR-4,200.00,S,N,B,-,Y,,,,,,,,,,Y,2,0,1,1,A,-,08,22107,,N,E,I,A,A,H,-,A,D,0,,,Y,,Y,,C,02,1,0,0,0,0,0,0,0,1,"- ","- ",38.078578948974609,-120.52706146240234,CALAVERAS,UNINCORPORATED,-120.5384521484375,38.068283081054688
91300680,2020,2020-09-08,9255,2020-09-02,0725,017324,,3,1,9,0500,0,1,3,,2,040,"STATE ROUTE 4","TANNER STREET",356.00,E,N,A,-,Y,,,4,,,,,,,Y,2,0,1,1,A,-,03,22350,,N,F,A,A,A,H,-,A,D,0,,,Y,,Y,,C,02,1,0,0,0,0,0,0,0,1,"- ","- ",38.142578125,-120.45176696777344,CALAVERAS,UNINCORPORATED,-120.45179748535156,38.142608642578125
92159744,2023,2023-08-31,9255,2023-08-22,1353,019525,,2,1,9,0500,0,3,5,,2,004,"VALLECITO RD",SR-4,250.00,S,N,B,-,N,,,,,,,,,,Y,2,0,1,1,A,-,03,22350,,N,F,A,A,A,H,-,A,D,0,,,Y,,Y,,C,02,1,0,0,0,0,0,0,0,1,"- ","- ",38.078510284423828,-120.527099609375,CALAVERAS,UNINCORPORATED,-120.53829956054688,38.068344116210938
91388094,2021,2021-01-15,9255,2021-01-11,1615,020142,,1,2,9,0500,0,1,3,,2,030,SR-49,"BIG BAR ROAD",4224.00,S,N,A,-,Y,,,49,,,,,,,Y,2,0,1,1,A,-,08,22107,,N,E,I,A,A,H,-,A,D,0,,,Y,,Y,,C,02,1,0,0,0,0,0,0,0,1,"- ","- ",38.305980682373047,-120.72940826416016,CALAVERAS,UNINCORPORATED,-120.7293701171875,38.305942535400391
91859090,2022,2023-12-04,9255,2022-08-10,1025,017324,,3,1,9,0500,0,2,4,,1,041,"MURPHYS GRADE ROAD","RANCH ROAD",913.00,W,N,A,-,N,,,,,,,,,,Y,1,1,0,1,A,-,01,23152,E,N,E,I,A,A,H,-,A,D,0,,,,,Y,,D,22,0,0,0,0,0,0,0,0,0,"- ","- ",38.097190856933594,-120.53021240234375,CALAVERAS,UNINCORPORATED,-120.52996826171875,38.097469329833984
92091896,2023,2023-06-12,9255,2023-06-03,1320,018318,,6,1,9,0500,0,2,4,,2,034,"MOUNTAIN RANCH ROAD","WILLOW CREEK ROAD",1056.00,E,N,A,-,N,,,,,,,,,,Y,2,0,1,1,A,-,08,22107,,N,F,A,A,A,H,-,A,D,0,,,,,Y,,A,01,1,0,0,0,0,0,0,0,0,"- ","- ",38.190578460693359,-120.64032745361328,CALAVERAS,UNINCORPORATED,-120.63976287841797,38.190940856933594
92094611,2023,2023-06-15,9255,2023-05-31,1857,017537,,3,2,9,0500,0,1,3,,1,011,SR-26,"HOGAN DAM RD",100.00,E,N,A,-,Y,CAL,,26," "," ",9.929,H,,R,N,2,0,1,1,A,-,01,23152,A,N,F,A,A,A,H,-,B,D,0,,,Y,,Y,Y,C,02,1,0,0,0,0,0,0,0,1,"- ","- ",38.186561584472656,-120.82554626464844,CALAVERAS,UNINCORPORATED,-120.82559204101562,38.186553955078125
9547141,2022,2023-02-27,0501,2022-10-14,1325,247,0501,5,5,2,0501,0,0,0,,0,,"RT 49","STOCKTON RD",83.00,N,N,A,-,Y,CAL,10,49,-,-,8.470,H,-,N,Y,2,0,1,2,A,-,09,21804,A,N,D,C,A,A,H,-,A,D,0,,,,,Y,,D,22,1,0,0,0,0,0,0,0,0,"- ","- ",,,CALAVERAS,"ANGELS CAMP",-120.55606842041016,38.080486297607422
90183343,2016,2016-05-19,9255,2016-05-18,0945,019389,,3,1,9,0500,0,1,3,,2,030,SR-49,"FOURTH CROSSING RD",122.00,N,N,A,-,Y,,,49,,,,,,,Y,2,0,1,3,A,-,03,22350,,N,C,C,A,A,H,-,A,D,0,,,,,Y,,A,01,1,0,0,0,0,0,0,0,0,"- ","- ",38.132930000000002,-120.63509000000001,CALAVERAS,UNINCORPORATED,-120.63502573,38.132938959999997
90242900,2016,2016-08-11,9255,2016-07-27,2230,019557,,3,3,9,0500,0,1,3,,1,010,SR-12,"LIME CREEK RD",2640.00,E,N,A,-,Y,,,,,,,,,,Y,2,0,4,2,A,-,08,22107,,N,A,C,A,A,D,-,D,D,0,,,,,Y,Y,A,01,2,0,2,0,0,0,0,0,0,"- ","- ",38.12565,-120.47432000000001,CALAVERAS,UNINCORPORATED,-120.81177685,38.194875740000001
90495810,2017,2017-07-07,9255,2017-06-30,2355,013939,,5,3,9,0500,0,3,5,,2,001,"SOUTH PETERSBURG ROAD","LIME CREEK ROAD",208.00,S,N,A,-,N,,,,,,,,,,Y,2,0,1,1,A,-,01,23152,A,N,F,A,A,A,H,-,D,D,0,,,Y,,Y,Y,C,02,1,0,0,0,0,0,0,0,1,"- ","- ",38.192610000000002,-120.80598999999999,CALAVERAS,UNINCORPORATED,-120.80605559,38.192456700000001
91958294,2022,2023-01-03,9255,2022-08-15,2125,018894,,1,2,9,0500,0,1,3,,2,050,"STATE ROUTE 4","BLACK SPRINGS ROAD",2620.00,E,N,A,-,Y,CAL,,4,,R,55.444,H,,R,Y,1,1,0,1,A,-,08,22107,,N,E,I,A,A,H,-,D,D,0,,,,,Y,,A,07,0,0,0,0,0,0,0,0,0,"- ","- ",38.379661560058594,-120.18862152099609,CALAVERAS,UNINCORPORATED,-120.1884765625,38.379608154296875
94365342,2024,2024-08-22,9255,2024-08-20,2058,020563,,2,2,9,0500,0,2,4,,2,034,"RAILROAD FLAT RD","JESUS MARIA RD",1320.00,E,N,A,-,N,,,,,,,,,,Y,2,0,1,1,A,-,08,22107,,N,E,I,A,A,H,-,D,D,0,,,,,Y,,A,07,1,0,0,0,0,0,0,0,0,"- ","- ",38.285980224609375,-120.49984741210938,CALAVERAS,UNINCORPORATED,-120.49981689453125,38.286087036132812
94567365,2025,2025-02-06,9255,2025-01-25,2355,023253,,6,3,9,0500,0,3,5,,2,002,"PARROTTS FERRY ROAD","AIROLA ROAD",2112.00,S,N,B,-,N,,,,,,,,,,Y,2,0,1,1,A,-,01,23152,A,N,E,I,A,B,H,-,D,D,0,,,,,Y,Y,A,01,1,0,0,0,0,0,0,0,0,"- ","- ",38.0443115234375,-120.46266174316406,CALAVERAS,UNINCORPORATED,-120.467529296875,38.046764373779297
90024356,2015,2015-10-19,9255,2015-08-31,1530,018022,,1,2,9,0500,0,3,5,,2,003,"SKULL FLAT RD","MEADOW VIEW RD",5280.00,N,N,A,-,N,,,,,,,,,,Y,2,0,1,1,A,-,01,23152,A,N,E,I,A,A,H,-,A,D,0,,,,,Y,Y,D,22,1,0,0,0,0,0,0,0,0,"- ","- ",38.434370000000001,-120.50246,CALAVERAS,UNINCORPORATED,-120.5063371,38.431169629999999
91927660,2022,2023-10-31,9255,2022-11-12,2323,019996,,6,3,9,0500,0,3,5,,2,004,"FRENCH GULCH ROAD","MAIN STREET",1700.00,W,N,A,-,N,,,,,,,,,,Y,2,0,1,1,A,-,01,23152,A,N,E,I,A,A,H,-,D,D,0,,,,,Y,Y,A,07,1,0,0,0,0,0,0,0,0,"- ","- ",38.138648986816406,-120.47438812255859,CALAVERAS,UNINCORPORATED,-120.47421264648438,38.138595581054688
91047874,2019,2019-08-08,9255,2019-08-05,0842,017324,,1,1,9,0500,0,1,3,,1,021,"STATE ROUTE 4","ANGEL OAKS DRIVE",6336.00,W,N,A,-,Y,,,,,,,,,,Y,2,0,2,2,A,-,05,21460,C,N,A,C,A,A,H,-,A,D,0,,,,,Y,,A,01,2,0,0,0,0,0,0,0,0,"- ","- ",38.071800231933594,-120.05856323242188,CALAVERAS,UNINCORPORATED,-120.5853271484375,38.071796417236328
92198872,2023,2023-10-13,9255,2023-10-07,"415 ",019246,,6,3,9,0500,0,1,3,,1,011,SR-26,"GARNER PL",1373.00,W,N,A,-,N,,,,,,,,,,N,2,0,1,1,A,-,08,22107,,N,E,I,A,A,H,-,D,D,0,,,,,Y,,A,01,1,0,0,0,0,0,0,0,0,"- ","- ",38.126911163330078,-120.87489318847656,CALAVERAS,UNINCORPORATED,-120.87493896484375,38.126911163330078
90228082,2016,2016-07-22,9255,2016-07-15,1950,013939,,5,2,9,0500,0,1,3,,2,031,SR-26,"PRINDLE ROAD",1584.00,E,N,A,-,Y,,,26,,,,,,,Y,2,0,3,2,A,-,01,23152,A,N,A,C,A,A,H,-,A,A,0,,,,,Y,Y,A,07,1,1,1,0,0,0,0,0,0,"- ","- ",38.303510000000003,-120.69653,CALAVERAS,UNINCORPORATED,-120.69651609,38.30348935
92108206,2023,2023-07-03,9255,2023-06-17,"820 ",019525,,6,1,9,0500,0,3,5,,2,001,"HARTVICKSON LANE","MULFORD COURT",16.00,W,N,A,-,N,,,,,,,,,,Y,2,0,1,1,A,-,08,22107,,N,F,8,A,A,H,-,A,A,0,,,,,Y,,M,46,1,0,0,0,0,0,0,0,0,"- ","- ",38.135089874267578,-120.84635162353516,CALAVERAS,UNINCORPORATED,-120.84626770019531,38.135128021240234
94395282,2024,2024-10-31,9255,2024-09-01,2120,020142,,7,2,9,0500,0,1,3,,1,010,SR-12,"BRAUNS COURT",1828.00,E,N,A,-,Y,CAL,,12," "," ",14.752,H,,R,Y,1,2,1,2,A,-,01,23152,A,N,A,C,A,A,H,-,D,D,0,,,,,Y,Y,D,22,1,0,0,0,0,0,0,0,0,"- ","- ",38.212501525878906,-120.74851226806641,CALAVERAS,UNINCORPORATED,-120.74851989746094,38.212440490722656
90843554,2018,2018-10-24,9255,2018-10-14,1415,021070,,7,2,9,0500,0,1,3,,2,040,SR-4,"BATTEN RD",569.00,W,N,A,-,Y,,,4,,,,,,,Y,2,0,6,2,A,-,01,23152,A,N,A,C,A,A,H,-,A,D,0,,,,,Y,Y,D,22,2,3,1,0,0,0,0,0,0,"- ","- ",38.099071502685547,-120.47057342529297,CALAVERAS,UNINCORPORATED,-120.47057342529297,38.099071502685547
90163257,2016,2016-04-22,9255,2016-04-14,1635,013556,,4,2,9,0500,0,1,3,,2,040,SR-4,"VALLECITO BYPASS RD",172.00,W,N,A,-,Y,,,,,,,,,,Y,2,0,1,2,A,-,05,21460,A,N,A,C,A,A,H,-,A,D,0,,,,,Y,,A,01,1,0,0,0,0,0,0,0,0,"- ","- ",38.534999999999997,-120.282,CALAVERAS,UNINCORPORATED,-120.48077198999999,38.093142999999998
90561438,2017,2018-01-10,9255,2017-09-16,1510,015872,,6,2,9,0500,0,1,3,,1,021,SR-4,"STALLION WAY",4224.00,E,N,A,-,Y,,,4,,,,,,,Y,1,1,1,2,A,-,03,22350,,N,F,A,A,A,H,-,A,D,0,,,Y,,Y,,C,02,0,1,0,0,0,0,0,1,0,"- ","- ",38.064050000000002,-120.61906,CALAVERAS,UNINCORPORATED,-120.61907673,38.06405668
91308800,2020,2021-08-24,9255,2020-08-29,1135,019525,,6,1,9,0500,0,1,3,,2,031,"STATE ROUTE 26","SPORT HILL RD",108.00,E,N,A,-,Y,,,26,,,,,,,Y,1,1,0,1,A,-,08,22107,,N,E,I,A,A,H,-,A,D,0,,,Y,,Y,,C,02,0,0,0,0,0,0,0,1,0,"- ","- ",38.300891876220703,-120.69055938720703,CALAVERAS,UNINCORPORATED,-120.69055938720703,38.300918579101562
91411665,2021,2021-02-19,9255,2021-02-15,1215,016479,,1,1,9,0500,0,1,3,,1,020,SR-49,"CARSON HILL CT",3705.00,S,N,B,C,Y,,,49,,,,,,,Y,2,0,1,1,A,-,01,23152,A,N,E,I,A,B,H,-,A,D,0,,,,,Y,Y,D,22,1,0,0,0,0,0,0,0,0,"- ","- ",38.021389007568359,-120.51242065429688,CALAVERAS,UNINCORPORATED,-120.51243591308594,38.021404266357422
92093339,2023,2023-06-14,9255,2023-05-30,2048,017537,,2,2,9,0500,0,1,3,,1,011,SR-26,"JEAN ST",235.00,W,N,A,-,Y,CAL,,26," "," ",10.145,H,,R,N,2,0,3,3,A,-,09,21801,A,N,D,C,A,A,H,-,C,D,0,,,Y,,Y,,A,01,1,1,1,0,0,0,0,0,2,"- ","- ",38.189601898193359,-120.82733917236328,CALAVERAS,UNINCORPORATED,-120.82736206054688,38.189590454101562
94717204,2025,2025-06-09,9255,2025-05-31,1935,023253,,6,2,9,0500,0,3,5,,2,001,SR-26,"BEAL RANCH RD",1584.00,W,N,A,-,Y,CAL,,26," "," ",11.356,H,,R,Y,2,0,1,1,A,-,03,22350,,N,F,I,A,A,H,-,A,D,0,,,Y,,Y,,C,02,1,0,0,0,0,0,0,0,1,"- ","- ",38.224601745605469,-120.76157379150391,CALAVERAS,UNINCORPORATED,-120.76165771484375,38.224575042724609
90295710,2016,2016-10-19,9255,2016-10-16,2020,019557,,7,2,9,0500,0,3,5,,2,001,"BALDWIN ST.","MCCAULEY ST.",780.00,S,N,B,-,N,,,,,,,,,,Y,2,0,2,1,A,-,03,22350,,N,E,I,A,B,H,-,C,D,0,,,,,Y,,A,01,1,0,1,0,0,0,0,0,0,"- ","- ",38.714109999999998,-120.5128,CALAVERAS,UNINCORPORATED,-120.85764999,38.120573329999999
91088589,2019,2019-10-02,9255,2019-09-26,1515,018873,,4,2,9,0500,0,1,3,,1,020,SR-49,"FOURTH CROSSING RD",7920.00,S,N,A,-,Y,,,49,,,,,,,Y,2,0,1,1,A,-,08,22107,,N,E,I,A,A,H,-,A,D,0,,,,,Y,,E,22,1,0,0,0,0,0,0,0,0,"- ","- ",38.116050720214844,-120.61707305908203,CALAVERAS,UNINCORPORATED,-120.6170654296875,38.116054534912109
92001457,2023,2023-02-23,9255,2023-02-15,1551,017537,,3,2,9,0500,0,3,5,,2,001,"HEDGEPETH RD","HAUTLY LN",0.00,,Y,A,-,N,,,,,,,,,,N,2,0,1,1,B,-,22,,,N,F,A,A,A,H,-,A,D,0,,,Y,,Y,,C,06,1,0,0,0,0,0,0,0,1,"- ","- ",38.103401184082031,-120.86506652832031,CALAVERAS,UNINCORPORATED,-120.86519622802734,38.103469848632812
94692947,2025,2025-05-19,9255,2025-05-13,1603,017286,,2,2,9,0500,0,1,3,,1,011,SR-26,"HOGAN DAM RD",0.00,,Y,A,-,Y,CAL,,26," "," ",9.916,H,,R,Y,2,0,2,2,A,-,09,21801,A,N,A,C,A,A,H,-,A,D,0,,,,,Y,,-,"- ",1,1,0,0,0,0,0,0,0,"- ","- ",38.186359405517578,-120.82553100585938,CALAVERAS,UNINCORPORATED,-120.82553863525391,38.186359405517578
6718504,2014,2014-12-18,9255,2014-11-20,1615,19389,,4,2,9,0500,0,1,3,,1,021,"RT 4","STALLION WY",4224.00,E,N,B,C,Y,CAL,10,4,-,-,17.250,H,-,E,Y,1,1,2,2,A,-,08,22107,,N,A,C,A,B,H,-,B,D,0,,,,,Y,,A,01,2,0,0,0,0,0,0,0,0,"- ","- ",38.064700000000002,-120.61905,CALAVERAS,UNINCORPORATED,-120.61908604,38.065122119999998
90649159,2018,2018-01-26,9255,2018-01-20,1745,018459,,6,2,9,0500,0,1,3,,1,021,SR-4,"STALLION WAY",3696.00,E,N,A,-,Y,,,4,,,,,,,Y,2,0,1,2,A,-,01,23152,A,N,B,C,A,A,H,-,B,D,0,,,Y,,Y,Y,C,02,1,0,0,0,0,0,0,0,1,"- ","- ",38.06011962890625,-120.61942291259766,CALAVERAS,UNINCORPORATED,-120.61971282958984,38.060176849365234
91146991,2019,2019-12-19,9255,2019-12-10,1800,020563,,2,2,9,0500,0,1,3,,1,010,SR-12,SR-26,0.00,,Y,A,-,Y,,,12,,,,,,,Y,2,0,2,2,A,-,09,21802,A,N,D,C,A,A,H,-,D,A,0,,,,,Y,,D,22,2,0,0,0,0,0,0,0,0,"- ","- ",38.211940765380859,-120.76445007324219,CALAVERAS,UNINCORPORATED,-120.76444244384766,38.211875915527344
91582517,2021,2021-09-29,9255,2021-07-16,0027,020270,,5,3,9,0500,0,3,5,,2,001,"HOGAN DAM ROAD","ESENOLDA ROAD",11.00,N,N,A,-,N,,,,,,,,,,Y,1,1,0,1,A,-,01,23152,A,N,E,I,A,A,H,-,D,D,0,,,Y,,Y,Y,C,02,0,0,0,0,0,0,0,1,0,"- ","- ",38.158939361572266,-120.81497955322266,CALAVERAS,UNINCORPORATED,,
6718046,2014,2016-01-13,9255,2014-12-02,1618,16918,,2,2,9,0500,0,1,3,,1,021,"RT 4","POOL STATION RD",665.00,E,N,B,C,Y,CAL,10,4,-,-,14.910,H,-,E,Y,1,1,1,2,A,-,03,22350,,N,A,C,A,B,H,-,A,A,0,,,,Y,Y,Y,D,22,0,0,1,0,0,0,0,0,0,"- ","- ",38.046869999999998,-120.64633000000001,CALAVERAS,UNINCORPORATED,-120.64602465,38.047147719999998
91150990,2019,2019-12-23,9255,2019-12-19,0001,018363,,4,3,9,0500,0,1,3,,2,040,"STATE ROUTE 4","HOLIDAY MINE",446.00,W,N,A,-,Y,,,4,,,,,,,Y,2,0,1,1,A,-,08,22107,,N,F,A,A,B,H,-,D,D,0,,,,,Y,,D,22,1,0,0,0,0,0,0,0,0,"- ","- ",38.109100341796875,-120.46112060546875,CALAVERAS,UNINCORPORATED,-120.46108245849609,38.109050750732422
91159992,2019,2020-01-06,9255,2019-12-29,2105,019246,,7,2,9,0500,0,2,4,,2,034,"MOUNTAIN RANCH RD","WINDMILL CIR",898.00,W,N,B,-,N,,,,,,,,,,Y,2,0,1,1,A,-,08,22107,,N,F,A,A,A,H,-,D,D,0,,,,,Y,,A,07,1,0,0,0,0,0,0,0,0,"- ","- ",38.189670562744141,-120.65728759765625,CALAVERAS,UNINCORPORATED,-120.65703582763672,38.189735412597656
90468034,2017,2017-11-07,9255,2017-05-19,1025,017324,,5,1,9,0500,0,1,3,,1,021,"STATE ROUTE 4","MPM 4CAL18.00",135.00,W,N,A,-,N,,,,,,,,,,Y,1,1,2,2,A,-,08,22107,,N,A,C,A,A,H,-,A,D,0,,,,,Y,,A,01,1,1,0,0,0,0,0,0,0,"- ","- ",38.414200000000001,-120.36041,CALAVERAS,UNINCORPORATED,,
91971831,2023,2023-01-19,9255,2023-01-10,1448,019534,,2,2,9,0500,0,2,4,,1,022,"OBYRNES FERRY RD","BLACK CREEK DR",200.00,N,N,B,C,N,,,,,,,,,,Y,2,0,1,1,A,-,01,23152,A,N,E,I,A,B,H,-,A,D,0,,,,,Y,Y,A,01,1,0,0,0,0,0,0,0,0,"- ","- ",37.952171325683594,-120.61402130126953,CALAVERAS,UNINCORPORATED,-120.61383056640625,37.952041625976562
94470060,2024,2024-11-14,9255,2024-10-31,1615,021319,,4,2,9,0500,0,1,3,,2,030,SR-49,"CAMPO SECO TURNPIKE",0.00,,Y,B,-,Y,CAL,,49," "," ",28.058,H,,R,N,2,0,2,2,A,-,09,21804,A,N,D,C,A,A,H,-,B,A,0,,,,,Y,,D,22,1,0,1,0,0,0,0,0,0,"- ","- ",38.299758911132812,-120.71156311035156,CALAVERAS,UNINCORPORATED,-120.7115478515625,38.29974365234375
91189347,2020,2020-02-19,9255,2020-02-11,1357,019996,,2,1,9,0500,0,1,3,,1,010,SR-12,"PINE STREET",2112.00,W,N,A,-,Y,,,12,,,,,,,Y,2,0,1,1,A,-,08,22107,,N,E,I,A,A,H,-,A,D,0,,,,,Y,,D,22,1,0,0,0,0,0,0,0,0,"- ","- ",38.186161041259766,-120.83531188964844,CALAVERAS,UNINCORPORATED,-120.83537292480469,38.186264038085938
90773677,2018,2018-08-28,9255,2018-07-13,2055,020563,,5,2,9,0500,0,3,5,,2,001,"BALDWIN ST","KIRBY ST",140.00,S,N,A,-,N,,,,,,,,,,Y,2,0,1,2,A,-,09,21804,B,N,D,C,A,A,H,-,D,D,0,,,Y,,Y,,C,02,1,0,0,0,0,0,0,0,1,"- ","- ",38.110130310058594,-120.86683654785156,CALAVERAS,UNINCORPORATED,-120.86690521240234,38.109882354736328
94651593,2025,2025-04-16,9255,2025-01-01,"436 ",023983,,3,3,9,0500,0,1,3,,1,010,SR-12,"NORTH FORK FISHING ACCESS DRIVEWAY",270.00,E,N,A,-,Y,CAL,,12," "," ",16.454,H,,R,Y,1,1,1,1,A,-,01,23152,A,N,F,0,A,A,H,-,D,D,0,,,,,Y,Y,A,01,1,0,0,0,0,0,0,0,0,"- ","- ",38.201271057128906,-120.72207641601562,CALAVERAS,UNINCORPORATED,-120.72207641601562,38.201274871826172
90656173,2018,2018-02-06,9255,2018-02-05,1630,018459,,1,2,9,0500,0,3,5,,2,003,"SCHAAD RD","BLUE MOUNTAIN RD",6864.00,N,N,A,-,N,,,,,,,,,,Y,2,0,1,1,A,-,03,22350,,N,E,I,A,A,H,-,B,D,0,,,,,Y,,D,22,1,0,0,0,0,0,0,0,0,"- ","- ",38.387920379638672,-120.45243835449219,CALAVERAS,UNINCORPORATED,-120.45083618164062,38.388248443603516
90788238,2018,2018-08-10,9255,2018-07-15,1920,020414,,7,2,9,0500,0,3,5,,2,004,"VALLECITO RD","ROLLERI BYPASS",714.00,E,N,A,-,N,,,,,,,,,,Y,1,1,1,2,A,-,01,23152,A,N,B,C,A,A,H,-,A,D,0,,,,,Y,Y,A,01,0,1,0,0,0,0,0,0,0,"- ","- ",38.07781982421875,-120.52982330322266,CALAVERAS,UNINCORPORATED,-120.53065490722656,38.07745361328125