CASE_ID,ACCIDENT_YEAR,PROC_DATE,JURIS,COLLISION_DATE,COLLISION_TIME,OFFICER_ID,REPORTING_DISTRICT,DAY_OF_WEEK,CHP_SHIFT,POPULATION,CNTY_CITY_LOC,SPECIAL_COND,BEAT_TYPE,CHP_BEAT_TYPE,CITY_DIVISION_LAPD,CHP_BEAT_CLASS,BEAT_NUMBER,PRIMARY_RD,SECONDARY_RD,DISTANCE,DIRECTION,INTERSECTION,WEATHER_1,WEATHER_2,STATE_HWY_IND,CALTRANS_COUNTY,CALTRANS_DISTRICT,STATE_ROUTE,ROUTE_SUFFIX,POSTMILE_PREFIX,POSTMILE,LOCATION_TYPE,RAMP_INTERSECTION,SIDE_OF_HWY,TOW_AWAY,COLLISION_SEVERITY,NUMBER_KILLED,NUMBER_INJURED,PARTY_COUNT,PRIMARY_COLL_FACTOR,PCF_CODE_OF_VIOL,PCF_VIOL_CATEGORY,PCF_VIOLATION,PCF_VIOL_SUBSECTION,HIT_AND_RUN,TYPE_OF_COLLISION,MVIW,PED_ACTION,ROAD_SURFACE,ROAD_COND_1,ROAD_COND_2,LIGHTING,CONTROL_DEVICE,CHP_ROAD_TYPE,PEDESTRIAN_ACCIDENT,BICYCLE_ACCIDENT,MOTORCYCLE_ACCIDENT,TRUCK_ACCIDENT,NOT_PRIVATE_PROPERTY,ALCOHOL_INVOLVED,STWD_VEHTYPE_AT_FAULT,CHP_VEHTYPE_AT_FAULT,COUNT_SEVERE_INJ,COUNT_VISIBLE_INJ,COUNT_COMPLAINT_PAIN,COUNT_PED_KILLED,COUNT_PED_INJURED,COUNT_BICYCLIST_KILLED,COUNT_BICYCLIST_INJURED,COUNT_MC_KILLED,COUNT_MC_INJURED,PRIMARY_RAMP,SECONDARY_RAMP,LATITUDE,LONGITUDE,COUNTY,CITY,POINT_X,POINT_Y
91023834,2019,2019-07-03,9255,2019-06-29,2230,013939,,6,3,9,0500,0,2,4,,1,022,"OBYRNES FERRY ROAD","COSMIC COURT",3168.00,S,N,A,-,N,,,,,,,,,,Y,2,0,1,1,A,-,05,21650,,N,E,I,A,A,H,-,D,D,0,,,,,Y,,A,07,1,0,0,0,0,0,0,0,0,"- ","- ",38.926948547363281,-120.59677124023438,CALAVERAS,UNINCORPORATED,-120.5982666015625,37.928611755371094
91057625,2019,2019-08-22,9255,2019-08-13,1110,018363,,2,1,9,0500,0,1,3,,1,011,"STATE ROUTE 26","CAMPO SECO TPKE",2871.00,E,N,A,-,Y,,,26,,,,,,,Y,2,0,1,3,A,-,09,21801,A,N,B,C,A,A,H,-,A,D,0,,,Y,,Y,,D,22,1,0,0,0,0,0,0,0,1,"- ","- ",38.288398742675781,-120.71977996826172,CALAVERAS,UNINCORPORATED,-120.71977996826172,38.288387298583984
91291270,2020,2020-08-24,9255,2020-08-19,1810,020563,,3,2,9,0500,0,1,3,,2,030,SR-49,"BIG BAR ROAD",5100.00,S,N,A,-,Y,,,49,,,,,,,Y,2,0,1,1,A,-,08,22107,,N,F,A,A,A,H,-,A,D,0,,,Y,,Y,,C,02,1,0,0,0,0,0,0,0,1,"- ","- ",38.305629730224609,-120.72718048095703,CALAVERAS,UNINCORPORATED,-120.72721099853516,38.305633544921875
90897758,2018,2019-01-04,9255,2018-12-29,0001,018318,,6,3,9,0500,0,3,5,,2,002,"FEATHER DR","BLACK CREEK DR",0.00,,Y,A,-,N,,,,,,,,,,Y,2,0,1,1,A,-,01,23152,A,N,E,I,A,B,H,-,D,A,0,,,,,Y,Y,A,01,1,0,0,0,0,0,0,0,0,"- ","- ",37.948040008544922,-120.61721801757812,CALAVERAS,UNINCORPORATED,-120.61717987060547,37.948070526123047
9192070,2020,2021-01-08,0501,2020-11-09,1030,218,,1,5,2,0501,0,0,0,,0,,"RT 49","COPELLO DR",1302.00,S,N,A,-,Y,CAL,10,49,-,-,9.120,H,-,N,N,2,0,1,2,A,-,09,21804,A,F,D,G,A,A,H,-,A,A,0,,Y,,,Y,Y,A,07,1,0,0,0,0,0,1,0,0,"- ","- ",,,CALAVERAS,"ANGELS CAMP",-120.56609344482422,38.085655212402344
90219906,2016,2016-07-11,9255,2016-07-06,2210,013939,,3,3,9,0500,0,1,3,,1,011,SR-26,"LUCAS LANE",190.00,W,N,A,-,Y,,,26,,,,,,,Y,2,0,2,3,A,-,01,23152,A,N,C,C,A,A,D,-,D,A,0,,,,Y,Y,Y,D,22,2,0,0,0,0,0,0,0,0,"- ","- ",38.14235,-120.8635,CALAVERAS,UNINCORPORATED,-120.86351944,38.142361870000002
90293199,2016,2016-10-17,9255,2016-10-06,1844,017324,,4,2,9,0500,0,1,3,,2,040,"STATE ROUTE 4","HORSESHOE DR",3696.00,W,N,A,-,Y,,,4,,,,,,,Y,2,0,1,1,A,-,01,23152,E,N,E,I,A,A,H,-,D,D,0,,,,,Y,,B,01,1,0,0,0,0,0,0,0,0,"- ","- ",38.182200000000002,-120.37962,CALAVERAS,UNINCORPORATED,-120.37962553,38.182217350000002
90495822,2017,2017-07-07,9255,2017-06-30,1640,018459,,5,2,9,0500,0,1,3,,2,031,SR-26,"SKY HIGH DR.",187.00,E,N,A,-,Y,,,,,,,,,,Y,2,0,2,2,A,-,05,21460,A,N,A,C,A,A,H,-,A,D,0,,,,,Y,,A,07,2,0,0,0,0,0,0,0,0,"- ","- ",38.333849999999998,-120.59393,CALAVERAS,UNINCORPORATED,-120.59453756000001,38.338262819999997
91251002,2019,2020-06-11,9255,2019-09-29,1455,021070,,7,2,9,0500,0,1,3,,1,021,SR-4,"MPM R19.080",481.00,E,N,A,-,Y,,,4,,,,,,,Y,1,1,2,2,A,-,03,22350,,N,D,C,A,A,H,-,A,D,0,,,,,Y,,A,01,2,0,0,0,0,0,0,0,0,"- ","- ",38.070980072021484,-120.58949279785156,CALAVERAS,UNINCORPORATED,-120.58946990966797,38.070945739746094
91829896,2022,2022-08-01,9255,2022-05-28,1711,016918,,6,2,9,0500,0,1,3,,2,030,"STATE ROUTE 49","GOLD STRIKE ROAD",2016.00,S,N,A,-,Y,CAL,,49,,R,21.828,H,,R,Y,1,1,1,2,A,-,01,23152,F,N,A,C,A,A,H,-,A,D,0,,,,,Y,,A,07,1,0,0,0,0,0,0,0,0,"- ","- ",38.223480224609375,-120.70118713378906,CALAVERAS,UNINCORPORATED,-120.70116424560547,38.223487854003906
92145555,2023,2023-08-16,9255,2023-08-03,1401,016918,,4,2,9,0500,0,1,3,,1,010,SR-12,"DOUBLE SPRINGS RD",800.00,E,N,A,-,Y,CAL,,12," "," ",12.621,H,,R,Y,2,0,1,1,A,-,01,23152,A,N,E,I,A,A,H,-,A,D,0,,,,,Y,Y,A,07,1,0,0,0,0,0,0,0,0,"- ","- ",38.208198547363281,-120.78706359863281,CALAVERAS,UNINCORPORATED,-120.78701019287109,38.208152770996094
6359118,2014,2014-06-18,9255,2014-02-06,1350,013556,,4,1,9,0500,0,3,5,,2,003,"SKULL FLAT RD","WINTON RD",1584.00,N,N,A,-,N,,,,,,,,,,Y,2,0,1,3,A,-,16,24002,A,N,G,B,E,B,D,-,A,A,0,Y,,,Y,Y,,D,22,1,0,0,0,1,0,0,0,0,"- ","- ",38.408149999999999,-120.52343999999999,CALAVERAS,UNINCORPORATED,-120.52296402,38.407460010000001
90825301,2018,2018-10-01,9255,2018-09-22,1245,018492,,6,1,9,0500,0,3,5,,2,004,"SIX MILE RD","ALGIERS ST",4224.00,W,N,A,-,N,,,,,,,,,,Y,2,0,2,1,A,-,08,22107,,N,F,A,A,A,H,-,A,A,0,,,Y,,Y,,C,02,1,1,0,0,0,0,0,0,2,"- ","- ",38.123580932617188,-120.46568298339844,CALAVERAS,UNINCORPORATED,-120.46206665039062,38.134159088134766
90897952,2018,2019-01-04,9255,2018-12-09,2500,019534,,7,4,9,0500,0,1,3,,2,031,"STATE ROUTE 26","SPORT HILL ROAD",147.00,E,N,B,-,Y,,,26,,,,,,,Y,1,1,0,1,A,-,08,22107,,N,E,I,A,A,H,-,A,D,0,,,Y,,Y,,C,02,0,0,0,0,0,0,0,1,0,"- ","- ",38.300979614257812,-120.69098663330078,CALAVERAS,UNINCORPORATED,-120.69098663330078,38.300998687744141
91232688,2020,2020-05-01,9255,2020-04-25,2018,021070,,6,2,9,0500,0,3,5,,2,001,"HEDGEPETH RD","SPARROWK RD",875.00,W,N,A,-,N,,,,,,,,,,N,2,0,1,1,C,-,18,,,N,H,H,A,A,H,-,A,D,0,,,Y,,Y,,-,"- ",1,0,0,0,0,0,0,0,1,"- ","- ",38.10321044921875,-120.86255645751953,CALAVERAS,UNINCORPORATED,-120.86255645751953,38.10321044921875
6907395,2015,2016-12-07,9255,2015-04-24,1545,016054,,5,2,9,0500,0,1,3,,1,020,"RT 49","GUN CLUB RD",551.00,N,N,A,-,Y,CAL,10,49,-,-,6.020,H,-,S,Y,2,0,4,1,A,-,08,22107,,N,E,I,A,A,H,-,A,D,0,,,,,Y,Y,D,22,1,0,3,0,0,0,0,0,0,"- ","- ",38.052660000000003,-120.53279999999999,CALAVERAS,UNINCORPORATED,-120.53261762,38.052481059999998
90287489,2016,2016-10-10,9255,2016-10-07,0640,013556,,5,1,9,0500,0,1,3,,1,021,SR-4,"HORSESHOE LN",92.00,E,N,A,-,Y,,,,,,,,,,Y,2,0,1,2,A,-,09,21802,A,N,F,A,A,A,D,-,B,A,0,,,Y,,Y,,D,22,1,0,0,0,0,0,0,0,1,"- ","- ",37.572099999999999,-120.41800000000001,CALAVERAS,UNINCORPORATED,-120.68643102999999,37.95591477
91486527,2021,2021-06-01,9255,2021-05-24,1918,020142,,1,2,9,0500,0,2,4,,2,034,"MOUNTAIN RANCH RD","MARSHALL AVE",152.00,E,N,A,-,N,,,,,,,,,,Y,2,0,1,2,A,-,08,22107,,N,B,C,A,A,H,-,A,D,0,,,,,Y,,A,01,1,0,0,0,0,0,0,0,0,"- ","- ",38.190578460693359,-120.67093658447266,CALAVERAS,UNINCORPORATED,-120.67097473144531,38.190582275390625
91585645,2021,2021-10-01,9255,2021-09-09,1745,019387,,4,2,9,0500,0,3,5,,2,001,"HOGAN DAM ROAD","PALOMINO RIDGE ROAD",1056.00,S,N,A,-,N,,,,,,,,,,Y,2,0,1,2,A,-,05,21650,,F,F,A,A,A,H,-,A,D,0,,,Y,,Y,,-,99,1,0,0,0,0,0,0,0,1,"- ","- ",38.131168365478516,-120.81273651123047,CALAVERAS,UNINCORPORATED,-120.8115234375,38.12847900390625
9022814,2019,2020-06-03,0501,2019-07-05,1631,220,CALAV,5,5,2,0501,0,0,0,,0,,"RT 49","ASPEN ST",145.00,S,N,A,-,Y,CAL,10,49,-,-,9.100,H,-,S,Y,2,0,2,2,A,-,08,22107,,N,B,C,A,A,H,-,A,D,0,,,,Y,Y,,D,22,2,0,0,0,0,0,0,0,0,"- ","- ",,,CALAVERAS,"ANGELS CAMP",-120.56574249267578,38.085594177246094
90626407,2017,2018-01-09,9255,2017-11-23,1800,019557,,4,2,9,0500,0,1,3,,2,040,SR-4,"HOLIDAY MINE RD.",244.00,W,N,B,-,Y,,,4,,,,,,,Y,1,2,1,1,C,-,18,,,N,H,H,A,A,H,-,D,D,0,,,,,Y,,-,"- ",0,1,0,0,0,0,0,0,0,"- ","- ",38.109079999999999,-120.46109,CALAVERAS,UNINCORPORATED,-120.46107118,38.109057129999997
90467073,2017,2017-07-18,9255,2017-05-16,0950,018825,,2,1,9,0500,0,1,3,,1,011,SR-26,"COUNTRY VIEW DR",1000.00,E,N,B,-,Y,,,26,,,,,,,Y,2,0,3,3,A,-,01,23152,A,N,B,C,A,A,H,-,A,D,0,,,,,Y,Y,A,07,1,1,1,0,0,0,0,0,0,"- ","- ",38.177300000000002,-120.831,CALAVERAS,UNINCORPORATED,-120.83106133,38.177317520000003
91748044,2022,2022-04-14,9255,2022-04-09,1240,019525,,6,1,9,0500,0,3,5,,2,001,"PALOMA ROAD","GILLAM ROAD",4752.00,N,N,A,-,N,,,,,,,,,,Y,2,0,1,1,A,-,08,22107,,N,E,I,A,A,H,-,A,D,0,,,Y,,Y,,C,02,1,0,0,0,0,0,0,0,1,"- ","- ",38.240409851074219,-120.78737640380859,CALAVERAS,UNINCORPORATED,-120.78750610351562,38.240081787109375
94585427,2025,2025-02-20,9255,2025-02-10,2315,020563,,1,3,9,0500,0,1,3,,2,040,SR-4,"RED APPLE DRIVE",275.00,W,N,A,-,Y,CAL,,4," "," ",34.748,H,,R,Y,2,0,2,1,A,-,08,22107,,N,E,I,A,A,H,-,D,D,0,,,,,Y,Y,A,01,1,1,0,0,0,0,0,0,0,"- ","- ",38.177631378173828,-120.38717651367188,CALAVERAS,UNINCORPORATED,-120.38716125488281,38.177570343017578
6836212,2015,2016-09-16,9255,2015-02-17,1948,020142,,2,2,9,0500,0,1,3,,2,031,"RT 26","STANLEY RD",148.00,W,N,A,-,Y,CAL,10,26,-,-,33.000,H,-,E,Y,2,0,1,1,A,-,01,23152,A,N,E,I,A,A,H,-,D,D,0,,,,,Y,Y,A,01,1,0,0,0,0,0,0,0,0,"- ","- ",38.38476,-120.5335,CALAVERAS,UNINCORPORATED,-120.53364401,38.384994519999999
90861162,2018,2018-11-15,9255,2018-11-03,1850,020270,,6,2,9,0500,0,3,5,,2,001,"BURSON RD","CAMANCHE PARKWAY SOUTH",221.00,S,N,A,-,N,,,,,,,,,,Y,2,0,6,2,A,-,09,21801,A,N,D,C,A,A,H,-,D,D,0,,,,,Y,Y,A,08,1,5,0,0,0,0,0,0,0,"- ","- ",38.197898864746094,-120.89334106445312,CALAVERAS,UNINCORPORATED,-120.89335632324219,38.197952270507812
91790085,2022,2022-06-07,9255,2022-05-29,1510,019246,,7,2,9,0500,0,1,3,,1,010,SR-12,"BRAUN COURT",2904.00,E,N,A,-,Y,CAL,,12,,,14.923,H,,R,Y,2,0,1,1,A,-,08,22107,,N,E,I,A,A,H,-,A,D,0,,,Y,,Y,,C,02,1,0,0,0,0,0,0,0,1,"- ","- ",38.210639953613281,-120.74524688720703,CALAVERAS,UNINCORPORATED,-120.74518585205078,38.210689544677734
91930130,2022,2022-11-30,9255,2022-11-11,2325,019996,,5,3,9,0500,0,1,3,,2,031,SR-26,"RICH GULCH RD",5808.00,W,N,A,-,Y,CAL,,26,,,22.542,H,,R,Y,2,0,3,2,A,-,01,23152,A,N,B,C,A,A,H,-,D,D,0,,,,,Y,Y,D,22,2,1,0,0,0,0,0,0,0,"- ","- ",38.3214111328125,-120.64192962646484,CALAVERAS,UNINCORPORATED,-120.64192962646484,38.321407318115234
92193410,2023,2023-10-06,9255,2023-10-01,1108,016918,,7,1,9,0500,0,3,5,,2,001,"BURSON ROAD","STATE ROUTE 12",3168.00,S,N,A,-,N,,,,,,,,,,Y,2,0,3,1,A,-,08,22107,,N,E,I,A,A,H,-,A,D,0,,,,,Y,,D,22,2,1,0,0,0,0,0,0,0,"- ","- ",38.174121856689453,-120.89054870605469,CALAVERAS,UNINCORPORATED,-120.89080047607422,38.17486572265625
6401418,2014,2014-06-18,9255,2014-02-08,2000,16918,,6,2,9,0500,0,3,5,,2,001,"CAMPO SECO TPKE","RT 49",615.00,W,N,C,-,N,,,,,,,,,,N,2,0,1,1,A,-,03,22350,,N,H,A,A,B,H,-,D,D,0,,,Y,,Y,,C,06,1,0,0,0,0,0,0,0,1,"- ","- ",38.296999999999997,-120.71344999999999,CALAVERAS,UNINCORPORATED,-120.71238219999999,38.298335960000003
90121487,2016,2016-02-23,9255,2016-02-16,2245,020142,,2,3,9,0500,0,3,5,,2,001,"MILTON RD","SCENIC VALLEY RD",740.00,E,N,A,-,N,,,,,,,,,,Y,2,0,1,1,A,-,08,22107,,N,F,A,A,A,H,-,D,D,0,,,Y,,Y,,C,02,1,0,0,0,0,0,0,0,1,"- ","- ",38.09769,-120.89041,CALAVERAS,UNINCORPORATED,-120.8904323,38.097667299999998
91535710,2021,2021-08-03,9255,2021-07-23,2334,020270,,5,3,9,0500,0,2,S,,2,904,"1071 AVERY SHEEP RANCH RD","AVERY SHEEP RANCH RD.",1053.00,S,N,A,-,N,,,,,,,,,,N,2,0,6,1,A,-,01,23152,A,N,F,A,A,A,H,-,D,D,0,,,,,Y,Y,M,96,5,1,0,0,0,0,0,0,0,"- ","- ",38.198619842529297,-120.38453674316406,CALAVERAS,UNINCORPORATED,-120.37336730957031,38.205333709716797
90291670,2016,2016-10-13,9255,2016-10-05,2113,019525,,3,2,9,0500,0,1,3,,2,031,SR-26,"LOWER DORRAY RD",282.00,W,N,A,-,Y,,,26,,,,,,,Y,2,0,1,2,A,-,05,21460,A,N,D,C,A,A,H,-,D,D,0,,,,,Y,,A,01,1,0,0,0,0,0,0,0,0,"- ","- ",38.338819999999998,-120.61169,CALAVERAS,UNINCORPORATED,-120.6116754,38.338803820000003
90294665,2016,2016-10-18,9255,2016-10-09,1500,019557,,7,2,9,0500,0,3,5,,2,002,"APPALOOSA RD.","PINTO DR.",400.00,N,N,A,-,N,,,,,,,,,,Y,2,0,1,1,A,-,08,22107,,N,F,A,A,A,H,-,A,D,0,,,,,Y,,D,22,1,0,0,0,0,0,0,0,0,"- ","- ",38.141449999999999,-120.36425,CALAVERAS,UNINCORPORATED,-120.61186281000001,38.02827825
91750049,2022,2023-02-23,9255,2022-02-22,1530,019246,,2,2,9,0500,0,1,3,,2,030,SR-49,"RUSSELL RD",0.00,,Y,A,-,Y,CAL,,49,,,19.761,H,,R,Y,1,1,0,2,A,-,09,21802,A,N,D,C,A,A,H,-,A,A,0,,,,,Y,,A,01,0,0,0,0,0,0,0,0,0,"- ","- ",38.198200225830078,-120.68686676025391,CALAVERAS,UNINCORPORATED,-120.68681335449219,38.198253631591797
92061550,2023,2024-01-25,9255,2023-03-26,1612,019996,,7,2,9,0500,0,1,3,,1,020,SR-49,"DEER CREEK ROAD",1590.00,S,N,A,-,Y,CAL,,49," "," ",10.454,H,,R,Y,1,1,6,2,A,-,01,23152,A,N,A,C,A,A,H,-,A,D,0,,,,,Y,Y,D,22,5,1,0,0,0,0,0,0,0,"- ","- ",38.097049713134766,-120.58556365966797,CALAVERAS,UNINCORPORATED,-120.5855712890625,38.097042083740234
92154209,2023,2023-08-25,9255,2023-08-05,"715 ",016918,,6,1,9,0500,0,1,3,,1,010,SR-12,"SOUTHWORTH RD",2500.00,W,N,A,-,Y,CAL,,12," "," ",1.902,H,,R,Y,2,0,1,1,A,-,08,22107,,N,E,I,A,A,H,-,A,D,0,,,,Y,Y,,G,79,1,0,0,0,0,0,0,0,0,"- ","- ",38.183319091796875,-120.96853637695312,CALAVERAS,UNINCORPORATED,-120.96852111816406,38.183357238769531
92192361,2023,2024-02-13,9255,2023-08-11,1904,017537,,5,2,9,0500,0,1,3,,1,021,SR-4,"TELEGRAPH RD",1584.00,E,N,A,-,Y,CAL,,4," ",R,3.233,H,,R,Y,1,3,6,2,A,-,06,21751,,N,A,C,A,A,H,-,B,D,0,,,,,Y,,A,01,6,0,0,0,0,0,0,0,0,"- ","- ",37.94219970703125,-120.71221160888672,CALAVERAS,UNINCORPORATED,-120.71221160888672,37.942184448242188
90717124,2018,2018-05-01,9255,2018-04-20,1030,018825,,5,1,9,0500,0,1,3,,2,031,SR-26,"DIRT RD",6336.00,E,N,A,-,Y,,,26,,,,,,,Y,2,0,1,1,A,-,08,22107,,N,E,I,A,A,H,-,A,D,0,,,,,Y,,D,22,1,0,0,0,0,0,0,0,0,"- ","- ",38.320999145507812,-120.64309692382812,CALAVERAS,UNINCORPORATED,-120.64309692382812,38.320976257324219
91431083,2021,2021-03-19,9255,2021-03-11,0830,018318,,4,1,9,0500,0,3,5,,2,001,"OLIVE ORCHARD RD",SR-26,3696.00,N,N,A,-,N,,,,,,,,,,Y,2,0,1,1,A,-,08,22107,,N,F,A,A,A,H,-,A,D,0,,,Y,,Y,,C,02,1,0,0,0,0,0,0,0,1,"- ","- ",38.137420654296875,-120.88149261474609,CALAVERAS,UNINCORPORATED,-120.88191986083984,38.13775634765625
91552650,2021,2021-08-24,9255,2021-08-14,1345,016055,,6,1,9,0500,0,1,3,,2,031,"RT 26","WOODHOUSE MINE ROAD",5280.00,W,N,A,-,Y,,,26,,,,,,,Y,2,0,1,1,A,-,03,22350,,N,E,I,A,A,H,-,A,D,0,,,Y,,Y,,C,02,1,0,0,0,0,0,0,0,1,"- ","- ",38.369270324707031,-120.54666900634766,CALAVERAS,UNINCORPORATED,-120.54668426513672,38.369289398193359
92393895,2024,2024-05-20,9255,2024-05-17,1437,016918,,5,2,9,0500,0,1,3,,2,030,SR-49,"BIG BAR RD",3696.00,S,N,A,-,Y,CAL,,49," "," ",30.157,H,,R,N,2,0,1,1,A,-,03,22350,,N,F,A,A,A,H,-,A,D,0,,,Y,,Y,,C,02,1,0,0,0,0,0,0,0,1,"- ","- ",38.30609130859375,-120.72724914550781,CALAVERAS,UNINCORPORATED,-120.72727966308594,38.30609130859375
90686985,2018,2018-03-21,9255,2018-03-17,1435,017324,,6,2,9,0500,0,1,3,,1,021,"STATE ROUTE 4","POOL STATION RAOD",1584.00,W,N,A,-,Y,,,4,,,,,,,Y,2,0,1,1,A,-,03,22350,,N,E,I,A,A,H,-,A,D,0,,,,,Y,,A,01,1,0,0,0,0,0,0,0,0,"- ","- ",38.039508819580078,-120.64756774902344,CALAVERAS,UNINCORPORATED,-120.64762115478516,38.03948974609375
90563308,2017,2017-10-04,9255,2017-09-30,1920,018825,,6,2,9,0500,0,1,3,,1,011,SR-26,"HAGEN CT",25.00,W,N,A,-,Y,,,26,,,,,,,N,2,0,2,2,C,-,18,,,N,E,J,A,A,H,-,D,D,0,,,Y,,Y,,-,"- ",1,0,1,0,0,0,0,0,2,"- ","- ",38.136200000000002,-120.8677,CALAVERAS,UNINCORPORATED,-120.86771673,38.136210079999998
90795120,2018,2018-08-21,9255,2018-08-10,1955,018873,,5,2,9,0500,0,1,3,,2,040,SR-4,"MAIN ST",0.00,,Y,A,-,Y,,,4,,,,,,,Y,2,0,1,1,A,-,01,23152,A,N,F,A,A,A,H,-,D,D,0,,,,,Y,Y,A,01,1,0,0,0,0,0,0,0,0,"- ","- ",38.111740112304688,-120.45791625976562,CALAVERAS,UNINCORPORATED,-120.45787811279297,38.111686706542969
91112536,2019,2019-11-04,9255,2019-10-27,0700,017324,,7,1,9,0500,0,3,5,,2,002,"FEATHER DR","PINON COURT",244.00,S,N,A,-,Y,,,,,,,,,,Y,2,0,1,1,A,-,08,22107,,N,E,I,A,A,H,-,B,D,0,,,,,Y,,A,01,1,0,0,0,0,0,0,0,0,"- ","- ",37.944881439208984,-120.61396789550781,CALAVERAS,UNINCORPORATED,-120.61425018310547,37.945072174072266
91336628,2020,2020-11-02,9255,2020-10-22,1530,018492,,4,2,9,0500,0,3,5,,2,005,"CYPRESS POINT DR","HILLCREST DR",1056.00,N,N,A,-,N,,,,,,,,,,Y,2,0,1,1,A,-,08,22107,,N,E,I,A,A,H,-,A,D,0,,,,,Y,,D,22,1,0,0,0,0,0,0,0,0,"- ","- ",38.248600006103516,-120.32781219482422,CALAVERAS,UNINCORPORATED,-120.32801818847656,38.24822998046875
9454373,2022,2022-08-02,0501,2022-01-30,1710,218,,7,5,2,0501,0,0,0,,0,,"RT 4","RT 49",3960.00,E,N,A,-,Y,CAL,10,4,-,R,21.860,H,-,E,Y,2,0,1,1,A,-,08,22107,,N,F,I,A,A,H,-,B,A,0,,,,,Y,,A,01,1,0,0,0,0,0,0,0,0,"- ","- ",,,CALAVERAS,"ANGELS CAMP",-120.54689025878906,38.083255767822266
91803693,2022,2022-06-27,9255,2022-06-13,1604,019640,,1,2,9,0500,0,2,4,,1,022,"OBYRNES FERRY RD","PYLE RD",80.00,S,N,A,-,N,,,,,,,,,,Y,2,0,3,3,A,-,01,23152,F,N,A,C,A,A,H,-,A,D,0,,,,,Y,,A,07,2,1,0,0,0,0,0,0,0,"- ","- ",36.967151641845703,-120.62071990966797,CALAVERAS,UNINCORPORATED,-120.62081909179688,37.967201232910156
91135496,2019,2019-12-04,9255,2019-11-26,1710,018318,,2,2,9,0500,0,1,3,,2,040,SR-4,"SUNSET RIDGE COURT",1584.00,W,N,D,-,Y,,,4,,,,,,,Y,2,0,1,2,A,-,08,22107,,N,A,C,A,C,H,-,D,D,0,,,,,Y,,A,01,1,0,0,0,0,0,0,0,0,"- ","- ",38.164970397949219,-120.42385864257812,CALAVERAS,UNINCORPORATED,-120.42385864257812,38.164955139160156
9323027,2021,2021-09-23,0501,2021-03-20,1136,218,,6,5,2,0501,0,0,0,,0,,"STOCKTON RD","ANGEL OAKS DR",492.00,E,N,A,-,N,,,,,,,,,,Y,2,0,1,2,A,-,01,23152,A,M,B,C,A,A,H,-,A,D,0,,,,,Y,Y,A,01,1,0,0,0,0,0,0,0,0,"- ","- ",,,CALAVERAS,"ANGELS CAMP",-120.56282043457031,38.077049255371094
91710002,2022,2022-02-25,9255,2022-02-17,0750,019534,,4,1,9,0500,0,2,4,,2,034,"MOUNTAIN RANCH RD","LOWER MICHEL RD",1200.00,N,N,A,-,N,,,,,,,,,,Y,2,0,3,1,A,-,08,22107,,N,E,I,A,A,H,-,A,D,0,,,,,Y,,A,07,1,2,0,0,0,0,0,0,0,"- ","- ",38.196559906005859,-120.58381652832031,CALAVERAS,UNINCORPORATED,-120.583740234375,38.196182250976562
90207682,2016,2016-06-22,9255,2016-06-16,1820,013939,,4,2,9,0500,0,1,3,,2,031,SR-26,"MAIN STREET",904.00,E,N,A,-,Y,,,26,,,,,,,Y,2,0,4,1,A,-,01,23152,A,N,E,I,A,A,H,-,A,D,0,,,,,Y,Y,A,01,1,3,0,0,0,0,0,0,0,"- ","- ",38.404739999999997,-120.52961000000001,CALAVERAS,UNINCORPORATED,-120.52959842999999,38.404771869999998
91077718,2019,2020-01-14,9255,2019-08-20,1320,017324,,2,1,9,0500,0,3,5,,2,002,"COPPER COVE DRIVE","ACORN STREET",255.00,W,N,A,-,N,,,,,,,,,,Y,1,1,0,1,A,-,01,23152,A,N,E,I,A,A,H,-,A,D,0,,,,,Y,Y,D,22,0,0,0,0,0,0,0,0,0,"- ","- ",37.934650421142578,-120.62487030029297,CALAVERAS,UNINCORPORATED,-120.62506103515625,37.9345703125
91090916,2019,2019-10-04,9255,2019-09-28,1120,019534,,6,1,9,0500,0,1,3,,2,031,"STATE ROUTE 26","RAILROAD FLAT RD",1020.00,W,N,A,-,Y,,,26,,,,,,,Y,2,0,1,1,A,-,01,23152,A,N,E,I,A,A,H,-,A,D,0,,,,,Y,Y,A,01,1,0,0,0,0,0,0,0,0,"- ","- ",38.389400482177734,-120.53089141845703,CALAVERAS,UNINCORPORATED,-120.53089141845703,38.389347076416016
94730695,2025,2025-06-18,9255,2025-05-07,1628,016918,,3,2,9,0500,0,1,3,,1,011,"STATE ROUTE 26","FARRIS DRIVE",663.00,E,N,A,-,Y,CAL,,26," "," ",6.761,H,,R,Y,1,1,3,3,A,-,05,21460,A,N,A,C,A,A,H,-,A,D,0,,,,,Y,,A,01,3,0,0,0,0,0,0,0,0,"- ","- ",38.151130676269531,-120.85745239257812,CALAVERAS,UNINCORPORATED,-120.85744476318359,38.151126861572266
6789116,2015,2015-02-27,9255,2015-01-29,1545,013556,,4,2,9,0500,0,3,5,,2,001,"S CAMANCHE PKWY","ARAPAHO WY",150.00,E,N,A,-,N,,,,,,,,,,Y,2,0,1,1,A,-,03,22350,,N,F,A,A,A,H,-,A,D,0,,,Y,,Y,,C,02,1,0,0,0,0,0,0,0,1,"- ","- ",38.202030000000001,-120.88535,CALAVERAS,UNINCORPORATED,-120.88487800999999,38.202251680000003