CASE_ID,ACCIDENT_YEAR,PROC_DATE,JURIS,COLLISION_DATE,COLLISION_TIME,OFFICER_ID,REPORTING_DISTRICT,DAY_OF_WEEK,CHP_SHIFT,POPULATION,CNTY_CITY_LOC,SPECIAL_COND,BEAT_TYPE,CHP_BEAT_TYPE,CITY_DIVISION_LAPD,CHP_BEAT_CLASS,BEAT_NUMBER,PRIMARY_RD,SECONDARY_RD,DISTANCE,DIRECTION,INTERSECTION,WEATHER_1,WEATHER_2,STATE_HWY_IND,CALTRANS_COUNTY,CALTRANS_DISTRICT,STATE_ROUTE,ROUTE_SUFFIX,POSTMILE_PREFIX,POSTMILE,LOCATION_TYPE,RAMP_INTERSECTION,SIDE_OF_HWY,TOW_AWAY,COLLISION_SEVERITY,NUMBER_KILLED,NUMBER_INJURED,PARTY_COUNT,PRIMARY_COLL_FACTOR,PCF_CODE_OF_VIOL,PCF_VIOL_CATEGORY,PCF_VIOLATION,PCF_VIOL_SUBSECTION,HIT_AND_RUN,TYPE_OF_COLLISION,MVIW,PED_ACTION,ROAD_SURFACE,ROAD_COND_1,ROAD_COND_2,LIGHTING,CONTROL_DEVICE,CHP_ROAD_TYPE,PEDESTRIAN_ACCIDENT,BICYCLE_ACCIDENT,MOTORCYCLE_ACCIDENT,TRUCK_ACCIDENT,NOT_PRIVATE_PROPERTY,ALCOHOL_INVOLVED,STWD_VEHTYPE_AT_FAULT,CHP_VEHTYPE_AT_FAULT,COUNT_SEVERE_INJ,COUNT_VISIBLE_INJ,COUNT_COMPLAINT_PAIN,COUNT_PED_KILLED,COUNT_PED_INJURED,COUNT_BICYCLIST_KILLED,COUNT_BICYCLIST_INJURED,COUNT_MC_KILLED,COUNT_MC_INJURED,PRIMARY_RAMP,SECONDARY_RAMP,LATITUDE,LONGITUDE,COUNTY,CITY,POINT_X,POINT_Y
91317322,2020,2020-10-05,9255,2020-09-30,1142,017324,,3,1,9,0500,0,1,3,,1,010,"STATE ROUTE 12","CHESTNUT STREET",528.00,E,N,A,-,N,,,12,,,,,,,Y,2,0,2,2,A,-,09,21801,A,N,D,C,A,A,H,-,A,A,0,,,,,Y,,D,22,1,1,0,0,0,0,0,0,0,"- ","- ",38.192489624023438,-120.82634735107422,CALAVERAS,UNINCORPORATED,-120.82635498046875,38.192501068115234
91616364,2021,2021-11-04,9255,2021-10-30,0905,018318,,6,1,9,0500,0,1,3,,1,020,SR-4,"POOL STATION ROAD",453.00,E,N,A,-,Y,,,4,,,,,,,Y,2,0,1,1,A,-,08,22107,,N,F,A,A,A,H,-,A,D,0,,,Y,,Y,,C,02,1,0,0,0,0,0,0,0,1,"- ","- ",38.046131134033203,-120.64691162109375,CALAVERAS,UNINCORPORATED,-120.64682769775391,38.046119689941406
90595210,2017,2017-12-20,9255,2017-10-27,1730,018873,,5,2,9,0500,0,3,5,,2,003,"WINTON RD","LILY GAP RD",1159.00,S,N,A,-,N,,,,,,,,,,Y,1,1,0,1,A,-,01,23152,G,N,E,I,A,A,H,-,A,D,0,,,,,Y,Y,A,01,0,0,0,0,0,0,0,0,0,"- ","- ",38.415750000000003,-120.49319,CALAVERAS,UNINCORPORATED,-120.50023188,38.412004279999998
90922009,2018,2019-02-08,9255,2018-12-23,2023,021070,,7,2,9,0500,0,3,5,,2,001,"PETTINGER RD","MESSING RD",836.00,N,N,B,-,N,,,,,,,,,,Y,1,1,3,3,A,-,01,23152,A,N,A,C,A,A,H,-,D,D,0,,,,,Y,Y,D,22,2,1,0,0,0,0,0,0,0,"- ","- ",38.165519714355469,-120.91822814941406,CALAVERAS,UNINCORPORATED,-120.91817474365234,38.165515899658203
92279107,2023,2024-01-04,9255,2023-12-23,1245,018318,,6,1,9,0500,0,1,3,,2,040,SR-4,"VALLECITO RD",0.00,,Y,A,-,Y,CAL,,4," ",R,23.000,H,,R,Y,2,0,1,2,A,-,09,21801,A,N,D,C,A,A,H,-,A,D,0,,,,,Y,,A,01,1,0,0,0,0,0,0,0,0,"- ","- ",38.079200744628906,-120.52694702148438,CALAVERAS,UNINCORPORATED,-120.52695465087891,38.079227447509766
90651136,2018,2018-01-30,9255,2018-01-21,0445,019640,,7,3,9,0500,0,3,5,,2,003,"WINTON RD","BUMMERVILLE RD",39.00,E,N,A,-,N,,,,,,,,,,Y,2,0,1,1,A,-,08,22107,,N,E,I,A,A,H,-,D,D,0,,,,,Y,,A,07,1,0,0,0,0,0,0,0,0,"- ","- ",38.408821105957031,-120.50556182861328,CALAVERAS,UNINCORPORATED,-120.50585174560547,38.408634185791016
90792481,2018,2018-08-16,9255,2018-08-13,1200,020142,,1,1,9,0500,0,1,3,,2,030,SR-49,"GOLD RUSH LN",1770.00,N,N,A,-,Y,,,49,,,,,,,Y,2,0,1,1,A,-,03,22350,,N,F,A,A,A,B,D,A,D,0,,,Y,,Y,,C,02,1,0,0,0,0,0,0,0,1,"- ","- ",38.301090240478516,-120.73114013671875,CALAVERAS,UNINCORPORATED,-120.73117065429688,38.301097869873047
91318733,2020,2020-10-06,9255,2020-09-29,1528,019640,,2,2,9,0500,0,1,3,,1,010,SR-12,"CAMANCHE PKY S",2640.00,W,N,A,-,Y,,,12,,,,,,,Y,2,0,3,2,A,-,01,23152,A,N,E,I,A,A,H,-,A,D,0,,,,,Y,Y,E,22,3,0,0,0,0,0,0,0,0,"- ","- ",38.203948974609375,-120.98497009277344,CALAVERAS,UNINCORPORATED,-120.98494720458984,38.2039794921875
90588845,2017,2017-11-07,9255,2017-10-28,1115,018894,,6,1,9,0500,0,1,3,,2,040,"STATE ROUTE 4","SIX MILE RD",631.00,W,N,A,-,Y,,,4,,,,,,,Y,2,0,1,1,A,-,08,22107,,N,E,I,A,A,H,-,A,D,0,,,,,Y,,A,07,1,0,0,0,0,0,0,0,0,"- ","- ",38.089309999999998,-120.50586,CALAVERAS,UNINCORPORATED,-120.5058504,38.089296109999999
92149916,2023,2024-01-25,9255,2023-06-24,2335,020142,,6,3,9,0500,0,3,5,,2,001,"CAMANCHE ROAD","BRET HARTE DR",530.00,E,N,A,-,N,,,,,,,,,,Y,1,1,0,1,A,-,08,22107,,N,F,0,A,A,H,-,D,D,0,,,Y,,Y,,C,02,0,0,0,0,0,0,0,1,0,"- ","- ",38.21820068359375,-120.92594909667969,CALAVERAS,UNINCORPORATED,-120.92598724365234,38.218231201171875
94449023,2024,2024-10-29,9255,2024-10-17,1735,020142,,4,2,9,0500,0,1,3,,2,040,SR4,"TOM BELL ROAD",290.00,W,N,A,-,Y,CAL,,4," "," ",29.552,H,,R,N,2,0,1,2,A,-,11,21954,A,N,G,B,D,A,H,-,A,D,0,Y,,,,Y,,N,60,1,0,0,0,1,0,0,0,0,"- ","- ",38.138290405273438,-120.45655822753906,CALAVERAS,UNINCORPORATED,-120.45656585693359,38.138290405273438
92089499,2023,2023-06-08,9255,2023-02-14,"300 ",018894,,2,3,9,0500,0,3,5,,2,005,"MORAN RD","LOVE CREEK RD",2000.00,N,N,A,-,N,,,,,,,,,,Y,1,1,0,1,A,-,08,22107,,N,E,I,A,A,H,-,D,D,0,,,,,Y,,A,07,0,0,0,0,0,0,0,0,0,"- ","- ",38.223529815673828,-120.35816955566406,CALAVERAS,UNINCORPORATED,-120.35913848876953,38.222892761230469
94372255,2024,2024-08-27,9255,2024-08-17,1815,015872,,6,2,9,0500,0,1,3,,2,040,SR-4,"INDIAN SPRINGS ROAD",0.00,,Y,A,-,Y,CAL,,4," "," ",32.104,H,,R,Y,2,0,2,2,A,-,01,23152,A,N,D,C,A,A,H,-,A,A,0,,,,,Y,Y,A,07,1,1,0,0,0,0,0,0,0,"- ","- ",38.165309906005859,-120.43071746826172,CALAVERAS,UNINCORPORATED,-120.43072509765625,38.165252685546875
6291592,2014,2015-04-14,9255,2014-10-19,2500,16918,,7,4,9,0500,0,3,5,,2,003,"GOLD STRIKE RD","HAWVER RD",1023.00,S,N,A,-,N,,,,,,,,,,Y,1,1,0,1,A,-,01,23152,A,N,F,A,A,A,H,-,D,A,0,,,,,Y,Y,A,07,0,0,0,0,0,0,0,0,0,"- ","- ",38.214219999999997,-120.68769,CALAVERAS,UNINCORPORATED,-120.68690789999999,38.213226409999997
91230480,2020,2021-08-24,9255,2020-04-18,1048,018318,,6,1,9,0500,0,1,3,,1,021,SR-4,"POOL STATION RD",528.00,E,N,B,-,Y,,,4,,,,,,,Y,1,1,0,1,A,-,03,22350,,N,F,A,A,A,H,-,A,A,0,,,Y,,Y,,C,02,0,0,0,0,0,0,0,1,0,"- ","- ",38.046791076660156,-120.64658355712891,CALAVERAS,UNINCORPORATED,-120.64650726318359,38.046710968017578
91238434,2020,2021-08-24,9255,2020-04-25,1752,020142,,6,2,9,0500,0,2,4,,1,022,"O'BYRNES FERRY ROAD","DUCHESS DR",2640.00,S,N,A,-,N,,,,,,,,,,Y,1,1,0,2,A,-,05,21460,A,N,A,C,A,A,H,-,A,D,0,,,Y,,Y,,C,02,0,0,0,0,0,0,0,1,0,"- ","- ",37.897331237792969,-120.57733154296875,CALAVERAS,UNINCORPORATED,-120.57779693603516,37.897960662841797
90151142,2016,2016-04-05,9255,2016-04-04,0000,020142,,1,3,9,0500,0,3,5,,2,003,"SHEEP RANCH RD","GOLD MOUNTAIN RD",1056.00,N,N,A,-,N,,,,,,,,,,Y,2,0,1,1,A,-,01,23152,A,N,E,I,A,A,H,-,D,D,0,,,,,Y,Y,A,01,1,0,0,0,0,0,0,0,0,"- ","- ",38.217959999999998,-120.47384,CALAVERAS,UNINCORPORATED,-120.47056000000001,38.2211
90216406,2016,2016-07-05,9255,2016-06-27,1730,018363,,1,2,9,0500,0,3,5,,2,003,"JESUS MARIA RD","BAKER RILEY WAY",545.00,W,N,A,-,N,,,,,,,,,,N,1,1,0,2,A,-,01,23152,A,N,D,E,A,A,H,-,A,D,0,,,Y,,Y,Y,C,06,0,0,0,0,0,0,0,1,0,"- ","- ",38.281869999999998,-120.54268999999999,CALAVERAS,UNINCORPORATED,-120.54274633,38.281870099999999
6411398,2014,2014-06-26,9255,2014-03-13,1816,019389,,4,2,9,0500,0,3,5,,2,001,"CAMANCHE PKWY S","WILKINSON LN",250.00,S,N,A,-,N,,,,,,,,,,Y,2,0,1,1,A,-,01,23152,A,N,E,I,A,A,H,-,A,D,0,,,,,Y,Y,D,22,1,0,0,0,0,0,0,0,0,"- ","- ",38.212769999999999,-120.87887000000001,CALAVERAS,UNINCORPORATED,-120.87901604,38.213250729999999
6422064,2014,2016-03-05,9255,2014-03-09,0314,13401,,7,3,9,0500,0,1,3,,2,040,"RT 4","ANGELS RD",311.00,W,N,B,-,Y,CAL,10,4,-,-,25.560,H,-,E,Y,2,0,1,1,A,-,08,22107,,N,E,I,A,A,H,-,D,D,0,,,,,Y,,J,48,1,0,0,0,0,0,0,0,0,"- ","- ",38.090730000000001,-120.47703,CALAVERAS,UNINCORPORATED,-120.47761629999999,38.09108741
91213150,2020,2020-03-20,9255,2020-03-14,1524,021070,,6,2,9,0500,0,3,5,,2,001,"BURSON RD","OLIVE ORCHARD RD",1461.00,N,N,B,C,N,,,,,,,,,,Y,2,0,1,1,A,-,01,23152,A,N,E,I,A,B,H,-,A,D,0,,,,,Y,Y,D,22,1,0,0,0,0,0,0,0,0,"- ","- ",38.145259857177734,-120.89987182617188,CALAVERAS,UNINCORPORATED,-120.89975738525391,38.145267486572266
90515236,2017,2017-08-02,9255,2017-07-30,0810,015872,,7,1,9,0500,0,2,4,,2,034,"RAILROAD FLAT ROAD","E. MURRAY CREEK ROAD",528.00,S,N,A,-,N,,,,,,,,,,Y,2,0,1,1,A,-,01,23152,A,N,E,I,A,A,H,-,A,D,0,,,,,Y,Y,A,01,1,0,0,0,0,0,0,0,0,"- ","- ",38.251690000000004,-120.52034,CALAVERAS,UNINCORPORATED,-120.52044205999999,38.25032015
90727350,2018,2018-05-16,9255,2018-05-06,1805,019557,,7,2,9,0500,0,1,3,,2,030,SR-49,SR-26,0.00,,Y,B,-,Y,,,49,,,,,,,Y,2,0,3,2,A,-,09,21802,A,N,D,C,A,A,H,-,A,D,0,,,,,Y,,A,01,3,0,0,0,0,0,0,0,0,"- ","- ",38.2978515625,-120.70468139648438,CALAVERAS,UNINCORPORATED,-120.70468139648438,38.297847747802734
91329400,2020,2020-10-22,9255,2020-10-14,0035,019246,,3,3,9,0500,0,3,5,,2,001,"CHURCH HILL RD","POOL STATION RD",815.00,E,N,A,-,N,,,,,,,,,,Y,2,0,1,1,A,-,08,22107,,N,E,I,A,A,H,-,D,D,0,,,Y,,Y,,C,02,1,0,0,0,0,0,0,0,1,"- ","- ",38.182029724121094,-120.68065643310547,CALAVERAS,UNINCORPORATED,-120.68073272705078,38.181983947753906
91305189,2020,2020-09-15,9255,2020-09-04,1900,018894,,5,2,9,0500,0,1,3,,2,031,"STATE ROUTE 26","SPORT HILL RD",0.00,,Y,A,-,Y,,,26,,,,,,,Y,2,0,1,1,A,-,08,22107,,N,E,I,A,A,H,-,D,D,0,,,,,Y,,A,07,1,0,0,0,0,0,0,0,0,"- ","- ",38.300991058349609,-120.69107818603516,CALAVERAS,UNINCORPORATED,-120.69106292724609,38.301029205322266
91383676,2021,2021-01-07,9255,2021-01-02,1400,019534,,6,2,9,0500,0,3,5,,2,003,"MAIN ST","PINE ST",0.00,,Y,B,-,N,,,,,,,,,,N,2,0,1,2,A,-,10,21950,A,N,G,B,D,A,H,-,A,A,0,Y,,,,Y,,A,01,1,0,0,0,1,0,0,0,0,"- ","- ",38.400558471679688,-120.529296875,CALAVERAS,UNINCORPORATED,-120.52934265136719,38.400562286376953
91814521,2022,2022-07-11,9255,2022-07-04,1352,019525,,1,1,9,0500,0,3,5,,2,004,"VALLECITO ROAD",SR-4,200.00,S,N,A,-,N,,,,,,,,,,Y,2,0,1,1,A,-,08,22107,,N,F,A,A,A,H,-,A,D,0,,,Y,,Y,,C,02,1,0,0,0,0,0,0,0,1,"- ","- ",38.078590393066406,-120.52699279785156,CALAVERAS,UNINCORPORATED,-120.5384521484375,38.068283081054688
91819191,2022,2022-07-18,9255,2022-07-09,2155,020142,,6,2,9,0500,0,3,5,,2,001,"LAURENT LANE","SILVER RAPIDS ROAD",20.00,E,N,A,-,N,,,,,,,,,,N,2,0,1,1,A,-,03,22350,,N,F,A,A,A,H,-,D,D,0,,,Y,,Y,,C,02,1,0,0,0,0,0,0,0,1,"- ","- ",38.152339935302734,-120.83329772949219,CALAVERAS,UNINCORPORATED,-120.83329010009766,38.152297973632812
7105180,2015,2017-01-13,9255,2015-09-02,1320,13556,,3,1,9,0500,0,1,3,,2,030,"RT 49","CENTER ST",5808.00,N,N,A,-,Y,CAL,10,49,-,-,49.360,H,-,N,Y,2,0,1,1,A,-,03,22350,,N,F,A,A,A,H,-,A,D,0,,,,Y,Y,,F,27,1,0,0,0,0,0,0,0,0,"- ","- ",38.181310000000003,-120.45321,CALAVERAS,UNINCORPORATED,-120.70352,38.295132639999999
90022525,2015,2015-10-19,9255,2015-09-24,1200,019389,,4,1,9,0500,0,1,3,,1,020,SR-49,"COPELLO RD",4224.00,N,N,A,-,Y,,,49,,,,,,,Y,2,0,1,1,A,-,03,22350,,N,F,A,A,A,H,-,A,D,0,,,Y,,Y,,C,02,1,0,0,0,0,0,0,0,1,"- ","- ",38.094450000000002,-120.5826,CALAVERAS,UNINCORPORATED,-120.58257718999999,38.094474929999997
92274067,2023,2023-12-28,9255,2023-12-18,1337,021319,,1,1,9,0500,0,1,3,,1,011,SR-26,"HOGAN DAM ROAD",600.00,W,N,C,-,Y,CAL,,26," "," ",9.709,H,,R,N,2,0,2,2,A,-,03,22350,,N,A,C,A,B,H,-,A,A,0,,,,,Y,,-,"- ",2,0,0,0,0,0,0,0,0,"- ","- ",38.183158874511719,-120.82602691650391,CALAVERAS,UNINCORPORATED,-120.82604217529297,38.18316650390625
6501347,2014,2014-07-28,9255,2014-05-10,1410,018776,,6,2,9,0500,0,3,5,,2,002,"POOL STATION RD","RIATA WY",350.00,S,N,A,-,N,,,,,,,,,,N,2,0,1,1,A,-,08,22107,,N,F,A,A,A,H,-,A,D,0,,,Y,,Y,,C,02,1,0,0,0,0,0,0,0,1,"- ","- ",38.091500000000003,-120.66414,CALAVERAS,UNINCORPORATED,-120.66409255000001,38.091520029999998
90568921,2017,2017-10-12,9255,2017-10-09,2030,018363,,1,2,9,0500,0,3,5,,2,005,"MORAN RD","LIGHTNING LN",2308.00,N,N,A,-,N,,,,,,,,,,Y,2,0,1,1,A,-,08,22107,,N,F,A,A,A,B,-,D,D,0,,,Y,,Y,,C,02,1,0,0,0,0,0,0,0,1,"- ","- ",38.230899999999998,-120.3546,CALAVERAS,UNINCORPORATED,-120.34322037,38.239504529999998
90574950,2017,2017-10-20,9255,2017-09-15,2030,018825,,5,2,9,0500,0,3,5,,2,001,"CHILLANO AVE","ARKANSAS FERRY RD",133.00,E,N,A,-,N,,,,,,,,,,N,2,0,1,2,D,-,00,,,F,G,B,E,A,H,-,D,D,0,Y,,,,Y,Y,-,"- ",1,0,0,0,1,0,0,0,0,"- ","- ",38.228299999999997,-120.8536,CALAVERAS,UNINCORPORATED,-120.85369995000001,38.227784010000001
91604070,2021,2021-10-22,9255,2021-10-09,1930,019885,,6,2,9,0500,0,3,5,,2,001,"MILTON RD","S GULCH RD",910.00,N,N,A,-,N,,,,,,,,,,Y,2,0,1,1,A,-,01,23152,A,N,E,I,A,A,H,-,D,D,0,,,,,Y,Y,D,22,1,0,0,0,0,0,0,0,0,"- ","- ",38.063499450683594,-120.87127685546875,CALAVERAS,UNINCORPORATED,-120.87122344970703,38.063407897949219
92076718,2023,2024-06-03,9255,2023-04-09,1800,019534,,7,2,9,0500,0,3,5,,2,001,"SOUTHWORTH RD","WHITE OWL DR",350.00,N,N,A,-,N,,,,,,,,,,Y,1,1,0,1,A,-,01,23152,A,N,E,I,A,A,H,-,A,D,0,,,Y,,Y,Y,C,02,0,0,0,0,0,0,0,1,0,"- ","- ",38.058948516845703,-120.73988342285156,CALAVERAS,UNINCORPORATED,-120.95668792724609,38.165287017822266
92145131,2023,2023-08-16,9255,2023-08-05,2200,021793,,6,3,9,0500,0,1,3,,2,031,SR-26,"MONTGOMERY DR",2640.00,E,N,A,-,Y,CAL,,26," "," ",21.031,H,,R,N,2,0,1,1,A,-,01,23152,A,N,E,8,A,A,H,-,D,D,0,,,,,Y,Y,D,22,1,0,0,0,0,0,0,0,0,"- ","- ",38.311061859130859,-120.66377258300781,CALAVERAS,UNINCORPORATED,-120.66374969482422,38.311019897460938
90660642,2018,2018-02-13,9255,2018-02-10,1500,018459,,6,2,9,0500,0,1,3,,2,031,SR-26,"CENTENNIAL MINE RD",528.00,W,N,A,-,Y,,,26,,,,,,,N,2,0,1,2,A,-,09,21804,A,F,F,A,A,A,H,-,A,D,0,,,Y,,Y,,D,22,1,0,0,0,0,0,0,0,1,"- ","- ",38.413959503173828,-120.54695129394531,CALAVERAS,UNINCORPORATED,-120.54695892333984,38.413982391357422
90906361,2019,2019-01-17,9255,2019-01-11,1330,019557,,5,1,9,0500,0,3,5,,2,001,"VISTA DEL LAGO DR.","CARSON DR",37.00,W,N,A,-,N,,,,,,,,,,N,2,0,1,2,A,-,03,22350,,N,D,C,A,A,H,-,A,D,0,,,Y,,Y,,C,02,1,0,0,0,0,0,0,0,1,"- ","- ",38.161651611328125,-120.82221221923828,CALAVERAS,UNINCORPORATED,-120.82234191894531,38.161651611328125
6366373,2014,2015-10-09,9255,2014-01-24,2340,018776,,5,3,9,0500,0,2,4,,2,034,"MOUNTAIN RANCH RD","WILLOW CREEK",1056.00,E,N,A,-,N,,,,,,,,,,Y,2,0,1,1,A,-,01,23152,A,N,F,A,A,A,H,-,D,D,0,,,,,Y,Y,D,22,1,0,0,0,0,0,0,0,0,"- ","- ",38.190869999999997,-120.63977,CALAVERAS,UNINCORPORATED,-120.63976715,38.190953710000002
6958643,2014,2015-07-09,0501,2014-11-20,1953,217,ANGEL,4,5,2,0501,0,0,0,,0,00B,"RT 49","PINE ST",12.00,S,N,C,-,Y,,,,,,,,,,Y,2,0,1,1,B,-,22,,,N,B,I,A,B,H,-,C,A,0,,,,,Y,,D,22,1,0,0,0,0,0,0,0,0,"- ","- ",,,CALAVERAS,"ANGELS CAMP",-120.54131091000001,38.070631349999999
90007840,2015,2015-10-19,9255,2015-08-08,1630,020142,,6,2,9,0500,0,1,3,,1,021,SR-4,"POOL STATION RD",1584.00,W,N,A,-,Y,,,4,,,,,,,Y,2,0,2,1,A,-,03,22350,,N,F,I,A,A,H,-,A,D,0,,,Y,,Y,,C,02,1,1,0,0,0,0,0,0,2,"- ","- ",38.040190000000003,-120.64785000000001,CALAVERAS,UNINCORPORATED,-120.64784648,38.040190559999999
91786806,2022,2022-06-02,9255,2022-05-22,1455,019885,,7,2,9,0500,0,1,3,,2,031,SR-26,"LOWER DORRAY RD",327.00,E,N,A,-,Y,CAL,,26,,,24.850,H,,R,Y,2,0,1,1,A,-,08,22107,,N,E,I,A,A,H,-,A,D,0,,,,,Y,,A,07,1,0,0,0,0,0,0,0,0,"- ","- ",38.339550018310547,-120.60967254638672,CALAVERAS,UNINCORPORATED,-120.60972595214844,38.339809417724609
92100090,2023,2023-06-22,9255,2023-06-15,1731,017537,,4,2,9,0500,0,3,5,,2,003,SR-26,"RHODA NIDEROST LN",392.00,W,N,A,-,Y,CAL,,26," "," ",35.892,H,,R,N,2,0,1,2,A,-,05,21202,A,N,D,G,A,A,G,-,A,D,0,,Y,,,Y,,L,04,1,0,0,0,0,0,1,0,0,"- ","- ",38.4122314453125,-120.54084014892578,CALAVERAS,UNINCORPORATED,-120.54078674316406,38.412254333496094
6290635,2014,2014-06-12,9255,2014-05-24,0943,16918,,6,1,9,0500,0,1,3,,2,031,"RT 26","DEARDORFF RD",1808.00,E,N,A,-,Y,CAL,10,26,-,-,28.970,H,-,E,Y,1,1,1,1,A,-,08,22107,,N,E,I,A,A,H,-,A,D,0,,,,,Y,,D,22,0,1,0,0,0,0,0,0,0,"- ","- ",38.363520000000001,-120.56018,CALAVERAS,UNINCORPORATED,-120.55973702999999,38.365019250000003
6291082,2014,2015-01-05,9255,2014-05-18,1810,20713,,7,2,9,0500,0,2,4,,2,042,"PARROTS FERRY RD","AIROLO RD",1056.00,N,N,A,-,N,,,,,,,,,,Y,1,1,0,1,A,-,01,23152,A,N,F,A,A,A,H,-,A,D,0,,,Y,,Y,Y,C,02,0,0,0,0,0,0,0,1,0,"- ","- ",38.049509999999998,-120.4704,CALAVERAS,UNINCORPORATED,-120.47187182,38.05428199
6291607,2014,2014-11-17,9255,2014-10-25,0210,13939,,6,3,9,0500,0,1,3,,1,011,"RT 26","HEINEMANN DR",528.00,W,N,A,-,Y,CAL,10,26,-,-,7.010,H,-,W,N,1,1,0,1,C,-,18,,,N,H,A,A,A,H,-,D,D,0,,,,,Y,Y,-,"- ",0,0,0,0,0,0,0,0,0,"- ","- ",38.153869999999998,-120.85428,CALAVERAS,UNINCORPORATED,-120.85411408,38.153791679999998
6292138,2015,2017-04-25,9255,2015-02-22,0325,18873,,7,3,9,0500,0,1,3,,2,030,"RT 49","GOLD STRIKE RD",2112.00,S,N,A,-,Y,CAL,10,49,-,R,21.810,H,-,N,Y,1,1,0,1,A,-,08,22107,,N,E,I,A,A,H,-,D,D,0,,,,,Y,Y,A,01,0,0,0,0,0,0,0,0,0,"- ","- ",38.222799999999999,-120.70088,CALAVERAS,UNINCORPORATED,-120.70104238,38.223231329999997
6292443,2015,2017-04-06,9255,2015-07-01,2500,20713,,3,4,9,0500,0,3,5,,2,006,"RT 4","BLACK SPRING RD",3696.00,E,N,A,-,Y,CAL,10,4,-,R,55.700,H,-,E,Y,1,1,0,1,A,-,08,22107,,N,E,I,A,A,H,-,B,D,0,,,,,Y,Y,A,01,0,0,0,0,0,0,0,0,0,"- ","- ",38.229129999999998,-120.1109,CALAVERAS,UNINCORPORATED,-120.18463438000001,38.382349779999998
6373318,2014,2016-03-05,9255,2014-01-27,1750,18022,,1,2,9,0500,0,1,3,,1,010,"RT 12","BURSON RD",1056.00,E,N,A,-,Y,CAL,10,12,-,-,6.500,H,-,W,Y,2,0,2,2,A,-,03,22350,,N,C,C,A,A,H,-,D,D,0,,,,,Y,,A,07,1,0,1,0,0,0,0,0,0,"- ","- ",38.18309,-120.88695,CALAVERAS,UNINCORPORATED,-120.88686203,38.183371520000001
6501501,2014,2016-04-09,9255,2014-05-15,0820,019643,,4,1,9,0500,0,1,3,,2,031,"RT 26","MONTGOMERY DR",290.00,E,N,A,-,Y,CAL,10,26,-,-,20.700,H,-,W,Y,2,0,1,1,A,-,08,22107,,N,E,I,A,A,H,-,A,D,0,,,Y,,Y,,C,02,1,0,0,0,0,0,0,0,1,"- ","- ",37.30742,-120.66865,CALAVERAS,UNINCORPORATED,-120.66805001,38.308298120000003
6513686,2014,2014-08-11,9255,2014-06-13,0030,019643,,5,3,9,0500,0,3,5,,2,001,"HOGAN DAM RD","QUARTZ HILL DR",2640.00,W,N,A,-,N,,,,,,,,,,N,2,0,1,1,A,-,03,22350,,N,E,I,A,A,H,-,D,D,0,,,Y,,Y,,C,02,1,0,0,0,0,0,0,0,1,"- ","- ",38.11591,-120.79479000000001,CALAVERAS,UNINCORPORATED,-120.79300977,38.116725940000002
6516878,2014,2016-04-09,9255,2014-06-21,2300,018459,,6,3,9,0500,0,1,3,,2,040,"RT 4","MAIN ST",100.00,W,N,A,-,Y,CAL,10,4,-,-,27.480,H,-,E,N,2,0,1,1,A,-,03,22350,,N,F,A,A,A,H,-,C,D,0,,,Y,,Y,,C,02,1,0,0,0,0,0,0,0,1,"- ","- ",38.135860000000001,-120.45628000000001,CALAVERAS,UNINCORPORATED,-120.458049,38.111541860000003
6530415,2014,2014-08-06,0501,2014-05-09,1309,217,ANGEL,5,5,2,0501,0,0,0,,0,00B,"MARK TWAIN RD","PACIFIC AV",19.00,E,N,A,-,N,,,,,,,,,,N,2,0,1,2,A,-,03,22350,,N,A,G,A,A,H,-,A,A,0,,Y,,,Y,,L,04,1,0,0,0,0,0,1,0,0,"- ","- ",,,CALAVERAS,"ANGELS CAMP",-120.54764628,38.073914770000002
6547264,2014,2016-04-09,9255,2014-06-29,1530,018873,,7,2,9,0500,0,1,3,,2,031,"RT 26","JOJOBA LN",400.00,W,N,A,-,Y,CAL,10,26,-,-,20.490,H,-,W,Y,2,0,1,2,A,-,"- ",,,F,E,I,A,A,H,-,A,D,0,,,,,Y,,A,01,1,0,0,0,0,0,0,0,0,"- ","- ",,,CALAVERAS,UNINCORPORATED,-120.66889214,38.30548203
6547266,2014,2016-04-09,9255,2014-06-26,0015,013939,,4,3,9,0500,0,1,3,,1,010,"RT 12","SAWMILL ST",0.00,,Y,A,-,Y,CAL,10,12,-,-,0.820,H,-,W,Y,2,0,1,1,A,-,01,23152,A,N,E,I,A,A,H,-,C,D,0,,,,,Y,Y,D,22,1,0,0,0,0,0,0,0,0,"- ","- ",38.194870000000002,-120.97893000000001,CALAVERAS,UNINCORPORATED,-120.97887858999999,38.1948984
6557257,2014,2014-08-14,9255,2014-06-21,1521,018776,,6,2,9,0500,0,3,5,,2,100,"NEW HOGAN PKWY","HOGAN DAM RD",1584.00,E,N,A,-,N,,,,,,,,,,Y,2,0,1,1,A,-,01,23152,A,N,E,I,A,A,H,-,A,D,0,,,,,Y,Y,A,01,1,0,0,0,0,0,0,0,0,"- ","- ",38.172750000000001,-120.79886,CALAVERAS,UNINCORPORATED,-120.80804988,38.176444699999998