CASE_ID,ACCIDENT_YEAR,PROC_DATE,JURIS,COLLISION_DATE,COLLISION_TIME,OFFICER_ID,REPORTING_DISTRICT,DAY_OF_WEEK,CHP_SHIFT,POPULATION,CNTY_CITY_LOC,SPECIAL_COND,BEAT_TYPE,CHP_BEAT_TYPE,CITY_DIVISION_LAPD,CHP_BEAT_CLASS,BEAT_NUMBER,PRIMARY_RD,SECONDARY_RD,DISTANCE,DIRECTION,INTERSECTION,WEATHER_1,WEATHER_2,STATE_HWY_IND,CALTRANS_COUNTY,CALTRANS_DISTRICT,STATE_ROUTE,ROUTE_SUFFIX,POSTMILE_PREFIX,POSTMILE,LOCATION_TYPE,RAMP_INTERSECTION,SIDE_OF_HWY,TOW_AWAY,COLLISION_SEVERITY,NUMBER_KILLED,NUMBER_INJURED,PARTY_COUNT,PRIMARY_COLL_FACTOR,PCF_CODE_OF_VIOL,PCF_VIOL_CATEGORY,PCF_VIOLATION,PCF_VIOL_SUBSECTION,HIT_AND_RUN,TYPE_OF_COLLISION,MVIW,PED_ACTION,ROAD_SURFACE,ROAD_COND_1,ROAD_COND_2,LIGHTING,CONTROL_DEVICE,CHP_ROAD_TYPE,PEDESTRIAN_ACCIDENT,BICYCLE_ACCIDENT,MOTORCYCLE_ACCIDENT,TRUCK_ACCIDENT,NOT_PRIVATE_PROPERTY,ALCOHOL_INVOLVED,STWD_VEHTYPE_AT_FAULT,CHP_VEHTYPE_AT_FAULT,COUNT_SEVERE_INJ,COUNT_VISIBLE_INJ,COUNT_COMPLAINT_PAIN,COUNT_PED_KILLED,COUNT_PED_INJURED,COUNT_BICYCLIST_KILLED,COUNT_BICYCLIST_INJURED,COUNT_MC_KILLED,COUNT_MC_INJURED,PRIMARY_RAMP,SECONDARY_RAMP,LATITUDE,LONGITUDE,COUNTY,CITY,POINT_X,POINT_Y
6558651,2014,2014-08-25,9255,2014-07-06,1750,020713,,7,2,9,0500,0,3,5,,2,004,"SIX MILE RD","ALGIERS ST",4224.00,S,N,A,-,N,,,,,,,,,,Y,2,0,2,1,A,-,01,23152,A,N,F,A,A,A,H,-,A,D,0,,,,,Y,Y,A,07,1,1,0,0,0,0,0,0,0,"- ","- ",,,CALAVERAS,UNINCORPORATED,-120.46483633,38.124146070000002
6560012,2014,2014-08-20,9255,2014-07-03,1935,013939,,4,2,9,0500,0,3,5,,2,100,"HOGAN DAM RD","SILVER RAPIDS RD",245.00,S,N,A,-,N,,,,,,,,,,Y,2,0,1,1,A,-,08,22107,,N,E,I,A,A,H,-,A,D,0,,,,,Y,,A,07,1,0,0,0,0,0,0,0,0,"- ","- ",38.147849999999998,-120.82545,CALAVERAS,UNINCORPORATED,-120.82551662,38.147959630000003
6603968,2014,2016-04-28,9255,2014-08-17,0940,020713,,7,1,9,0500,0,1,3,,1,020,"RT 49","GUN CLUB RD",0.00,,Y,A,-,Y,CAL,10,49,-,-,5.920,I,5,S,Y,2,0,1,2,A,-,09,21801,A,N,D,C,A,A,H,-,A,D,0,,,Y,,Y,,A,01,1,0,0,0,0,0,0,0,1,"- ","- ",38.051349999999999,-120.53156,CALAVERAS,UNINCORPORATED,-120.53161513000001,38.051304950000002
6756368,2014,2015-07-22,9255,2014-12-15,1505,15872,,1,2,9,0500,0,1,3,,2,030,"RT 49","CAROL KENNEDY RD",2640.00,N,N,B,C,Y,,,49,,,,,,,Y,2,0,1,1,A,-,01,23152,A,N,E,I,A,B,H,-,A,D,0,,,,,Y,Y,A,01,1,0,0,0,0,0,0,0,0,"- ","- ",38.154350000000001,-120.64292,CALAVERAS,UNINCORPORATED,-120.64286264,38.15437455
6847633,2015,2016-09-16,9255,2015-02-08,2100,18022,,7,2,9,0500,0,1,3,,2,031,"RT 26","NIDEROST LN",200.00,W,N,C,-,Y,CAL,10,26,-,-,35.910,H,-,W,Y,2,0,2,1,A,-,08,22107,,N,E,I,A,B,H,-,D,D,0,,,,,Y,,D,22,1,1,0,0,0,0,0,0,0,"- ","- ",38.41234,-120.54083,CALAVERAS,UNINCORPORATED,-120.540997,38.41249114
6849322,2015,2016-09-16,9255,2015-03-08,1252,018022,,7,1,9,0500,0,1,3,,1,010,"RT 12","TOLL BRIDGE RD",1260.00,W,N,A,-,Y,CAL,10,12,-,-,17.090,H,-,W,Y,2,0,1,1,A,-,08,22107,,N,E,I,A,A,H,-,A,D,0,,,,,Y,,A,01,1,0,0,0,0,0,0,0,0,"- ","- ",38.205060000000003,-120.71339999999999,CALAVERAS,UNINCORPORATED,-120.713663,38.204809349999998
6854237,2015,2015-04-14,9255,2015-02-11,0130,18022,,3,3,9,0500,0,3,5,,2,003,"SWISS RANCH RD","MILLER RANCH RD",2428.00,E,N,A,-,N,,,,,,,,,,Y,1,1,2,1,A,-,01,23152,A,N,E,I,A,A,H,-,D,D,0,,,,,Y,Y,D,22,0,1,1,0,0,0,0,0,0,"- ","- ",38.267510000000001,-120.46736,CALAVERAS,UNINCORPORATED,-120.46658252,38.267887479999999
6895512,2015,2016-12-07,9255,2015-04-15,1700,013556,,3,2,9,0500,0,1,3,,2,030,"RT 49","POVERTY GULCH CT",1056.00,N,N,A,-,Y,CAL,10,49,-,-,29.140,H,-,N,Y,2,0,3,2,A,-,05,21460,A,N,A,C,A,A,H,-,A,A,0,,,,,Y,,D,22,2,1,0,0,0,0,0,0,0,"- ","- ",38.175800000000002,-120.43600000000001,CALAVERAS,UNINCORPORATED,-120.72988276,38.298280300000002
6909039,2015,2015-05-26,9255,2015-05-06,1705,013556,,3,2,9,0500,0,3,5,,2,004,"SIX MILE RD","OLD MURPHYS RD",4224.00,E,N,A,-,N,,,,,,,,,,Y,2,0,1,1,A,-,03,22350,,N,E,I,A,A,H,-,A,D,0,,,,,Y,,D,22,1,0,0,0,0,0,0,0,0,"- ","- ",38.109650000000002,-120.4837,CALAVERAS,UNINCORPORATED,-120.48588988,38.109839020000003
6920931,2015,2016-04-18,9255,2015-05-12,1445,18873,,2,2,9,0500,0,3,5,,2,003,"W MURRAY CREEK RD","WHISKEY SLIDE RD",2000.00,W,N,A,-,N,,,,,,,,,,Y,2,0,3,2,A,-,01,23152,B,N,A,C,A,A,H,-,A,D,0,,,,,Y,Y,A,08,2,0,1,0,0,0,0,0,0,"- ","- ",38.232379999999999,-120.58557,CALAVERAS,UNINCORPORATED,-120.57502205,38.238640160000003
6923669,2015,2016-12-07,9255,2015-05-16,1815,020142,,6,2,9,0500,0,1,3,,1,020,"RT 49","RED HILL RD",5280.00,S,N,A,-,Y,CAL,10,49,-,-,3.120,H,-,N,Y,2,0,1,1,A,-,08,22107,,N,E,I,A,A,H,-,A,D,0,,,,,Y,,D,22,1,0,0,0,0,0,0,0,0,"- ","- ",38.022419999999997,-120.51276,CALAVERAS,UNINCORPORATED,-120.51215739,38.026490010000003
6927392,2015,2015-06-08,9255,2015-05-13,1635,13556,,3,2,9,0500,0,3,5,,2,003,"WINTON RD","SKULL FLAT RD",343.00,W,N,A,-,N,,,,,,,,,,Y,2,0,1,1,A,-,01,23152,A,N,E,I,A,A,H,-,A,D,0,,,,,Y,Y,A,07,1,0,0,0,0,0,0,0,0,"- ","- ",38.403440000000003,-120.52213,CALAVERAS,UNINCORPORATED,-120.52155463,38.403432430000002
6943851,2015,2015-06-27,9255,2015-05-12,1640,15872,,2,2,9,0500,0,2,4,,1,041,"MURPHYS GRADE RD","FRENCH GULCH RD",3168.00,E,N,A,-,N,,,,,,,,,,Y,2,0,3,2,A,-,09,21804,A,N,D,C,A,A,H,-,A,D,0,,,,,Y,,A,01,1,1,1,0,0,0,0,0,0,"- ","- ",38.110039999999998,-120.51040999999999,CALAVERAS,UNINCORPORATED,-120.5102684,38.110114340000003
6943863,2015,2015-06-27,9255,2015-05-20,0630,18776,,3,1,9,0500,0,3,5,,2,003,"JESUS MARIA RD","KERSTAN LN",1584.00,W,N,A,-,N,,,,,,,,,,Y,2,0,1,1,A,-,08,22107,,N,E,I,A,A,H,-,A,D,0,,,,,Y,,A,01,1,0,0,0,0,0,0,0,0,"- ","- ",38.282780000000002,-120.52752,CALAVERAS,UNINCORPORATED,-120.52858779,38.282874970000002
6946591,2015,2016-12-07,9255,2015-06-01,1554,19525,,1,2,9,0500,0,1,3,,2,030,"RT 49","UNION MINE RD",214.00,N,N,A,-,Y,CAL,10,49,-,-,16.170,H,-,N,Y,2,0,1,1,A,-,08,22107,,N,E,I,A,A,H,-,A,D,0,,,,,Y,,D,22,1,0,0,0,0,0,0,0,0,"- ","- ",38.158580000000001,-120.6465,CALAVERAS,UNINCORPORATED,-120.64660833000001,38.158779899999999
6964815,2015,2016-11-02,9255,2015-06-19,1725,13556,,5,2,9,0500,0,1,3,,1,021,"RT 4","POOL STATION RD",2112.00,E,N,A,-,Y,SJ,10,4,-,-,15.120,H,-,E,Y,2,0,3,2,A,-,05,21460,A,N,A,C,A,A,H,-,A,D,0,,,,,Y,,A,01,2,1,0,0,0,0,0,0,0,"- ","- ",38.048369999999998,-120.64286,CALAVERAS,UNINCORPORATED,-121.31148355000001,37.9330766
6964819,2015,2015-07-15,9255,2015-06-18,1330,18894,,4,1,9,0500,0,2,4,,2,034,"MOUNTAIN RANCH RD","SHEEP RANCH RD",2112.00,W,N,A,-,N,,,,,,,,,,Y,2,0,1,2,A,-,03,22350,,N,D,C,A,A,H,-,A,D,0,,,Y,,Y,,C,02,1,0,0,0,0,0,0,0,1,"- ","- ",38.238680000000002,-120.51832,CALAVERAS,UNINCORPORATED,-120.51624,38.242530000000002
7006001,2015,2015-07-27,9255,2015-06-01,1605,15872,,1,2,9,0500,0,1,3,,2,031,"RT 26","SANDY GULCH LN",1056.00,E,N,A,-,Y,CAL,10,26,-,-,32.260,H,-,E,Y,1,1,4,1,A,-,08,22107,,N,E,I,A,A,H,-,A,D,0,,,,,Y,,A,01,2,0,2,0,0,0,0,0,0,"- ","- ",38.275950000000002,-120.73192,CALAVERAS,UNINCORPORATED,-120.54041562,38.379041979999997
8465379,2018,2018-09-18,0501,2018-07-01,0500,240,,7,5,2,0501,0,0,0,,0,,"S MAIN ST","MAYO ST",5.00,N,N,A,-,Y,CAL,10,49,-,-,6.850,H,-,N,N,1,1,0,2,A,-,03,22350,,N,G,B,E,A,H,-,C,A,0,Y,,,,Y,Y,A,01,0,0,0,1,0,0,0,0,0,"- ","- ",,,CALAVERAS,"ANGELS CAMP",-120.53763580322266,38.06378173828125
8622287,2018,2018-05-30,0501,2018-05-03,0104,237,,4,5,2,0501,0,0,0,,0,,"GREENHORN CREEK RD","MCCAULEY RANCH RD",171.00,N,N,A,-,N,,,,,,,,,,Y,2,0,1,1,A,-,03,22350,,N,E,I,A,A,-,-,C,D,0,,,,,Y,,A,01,1,0,0,0,0,0,0,0,0,"- ","- ",,,CALAVERAS,"ANGELS CAMP",-120.55126953125,38.068370819091797
90009115,2015,2015-10-19,9255,2015-08-06,1810,018492,,4,2,9,0500,0,1,3,,2,050,SR-4,"RED TAIL HAWK RD",285.00,E,N,B,-,Y,,,4,,,,,,,Y,2,0,1,1,A,-,08,22107,,N,E,I,A,A,H,-,A,D,0,,,,,Y,,A,01,1,0,0,0,0,0,0,0,0,"- ","- ",38.221910000000001,-120.36915999999999,CALAVERAS,UNINCORPORATED,-120.36906931,38.221897689999999
90010851,2015,2015-10-19,9255,2015-08-18,1520,020142,,2,2,9,0500,0,1,3,,1,021,SR-4,"ROCK CREEK RD",2112.00,E,N,A,-,Y,,,4,,,,,,,Y,2,0,2,1,A,-,08,22107,,N,E,I,A,A,H,-,A,D,0,,,,,Y,,A,01,2,0,0,0,0,0,0,0,0,"- ","- ",37.988610000000001,-120.64897999999999,CALAVERAS,UNINCORPORATED,-120.64850479,37.988876580000003
90019101,2015,2015-10-19,9255,2015-09-08,1645,020142,,2,2,9,0500,0,1,3,,2,031,SR-26,"TOLOMA CT",56.00,E,N,A,-,Y,,,,,,,,,,Y,2,0,1,1,A,-,08,22107,,N,E,I,A,A,H,-,A,A,0,,,Y,,Y,,C,02,1,0,0,0,0,0,0,0,1,"- ","- ",38.241610000000001,-120.3145,CALAVERAS,UNINCORPORATED,,
90022643,2015,2015-11-18,9255,2015-09-04,1355,018776,,5,1,9,0500,0,1,3,,2,040,SR-4,"UTICA POWER HOUSE RD. (LOWER)",3696.00,E,N,A,-,Y,,,4,,,,,,,Y,2,0,3,2,A,-,08,22107,,N,E,I,A,A,H,-,A,D,0,,,,,Y,,A,07,3,0,0,0,0,0,0,0,0,"- ","- ",38.1539,-120.43849,CALAVERAS,UNINCORPORATED,-120.4384816,38.153893629999999
90040733,2015,2015-10-29,9255,2015-10-08,1700,018873,,4,2,9,0500,0,1,3,,2,030,SR-49,"CAMPO SECO TPKE",130.00,S,N,A,-,Y,,,49,,,,,,,Y,2,0,1,2,A,-,08,22107,,N,A,C,A,A,H,-,A,D,0,,,,,Y,,D,22,1,0,0,0,0,0,0,0,0,"- ","- ",38.29983,-120.71136,CALAVERAS,UNINCORPORATED,-120.71135545,38.299817470000001
90041586,2015,2015-10-30,9255,2015-10-23,2030,018873,,5,2,9,0500,0,3,5,,2,003,"FRICOT CITY RD","CALAVERITAS RD",3696.00,E,N,A,-,N,,,,,,,,,,Y,2,0,1,1,A,-,08,22107,,N,F,I,A,A,H,-,D,D,0,,,,,Y,,A,01,1,0,0,0,0,0,0,0,0,"- ","- ",38.154330000000002,-120.58548,CALAVERAS,UNINCORPORATED,-120.58666622,38.154108260000001
90052794,2015,2015-11-17,9255,2015-10-20,2050,018894,,2,2,9,0500,0,3,5,,2,003,"RIDGE RD","GARNER RD",403.00,W,N,A,-,N,,,,,,,,,,Y,2,0,2,2,A,-,05,21460,A,F,A,C,A,A,H,-,D,D,0,,,,,Y,,A,07,1,0,1,0,0,0,0,0,0,"- ","- ",38.33916,-120.55006,CALAVERAS,UNINCORPORATED,-120.55001899,38.339125180000003
90053372,2015,2015-11-18,9255,2015-10-17,2335,018894,,6,3,9,0500,0,1,3,,2,040,"STATE ROUTE 4","VALLECITO BYPASS RD",179.00,E,N,B,-,Y,,,4,,,,,,,Y,1,1,2,1,A,-,08,22107,,N,E,I,A,A,H,-,D,D,0,,,,,Y,,A,01,1,1,0,0,0,0,0,0,0,"- ","- ",38.092579999999998,-120.4796,CALAVERAS,UNINCORPORATED,-120.47962711,38.09254284
90107416,2016,2016-02-02,9255,2016-01-27,1550,018736,,3,2,9,0500,0,2,4,,2,034,"RAILROAD FLAT RD","BUCHANAN WAY",30.00,E,N,A,-,N,,,,,,,,,,Y,2,0,3,2,A,-,05,21460,A,N,A,C,A,A,H,-,A,D,0,,,,,Y,,D,22,2,0,1,0,0,0,0,0,0,"- ","- ",38.331069999999997,-120.51841,CALAVERAS,UNINCORPORATED,-120.51838656,38.331011969999999
90110880,2016,2016-02-08,9255,2016-02-01,1050,019389,,1,1,9,0500,0,1,3,,2,031,SR-26,"DEARDORFF RD",2640.00,W,N,A,-,Y,,,26,,,,,,,Y,2,0,2,2,A,-,05,21460,A,N,A,C,A,A,H,-,A,D,0,,,,,Y,,A,01,1,1,0,0,0,0,0,0,0,"- ","- ",38.358379999999997,-120.57201000000001,CALAVERAS,UNINCORPORATED,-120.5720633,38.358504119999999
90139291,2016,2016-03-18,9255,2016-03-12,0130,019389,,6,3,9,0500,0,1,3,,1,020,SR-49,"REDHILL RD",4752.00,S,N,C,-,Y,,,49,,,,,,,Y,2,0,1,1,A,-,01,23152,A,N,F,A,A,B,H,-,D,D,0,,,,,Y,Y,A,01,1,0,0,0,0,0,0,0,0,"- ","- ",38.02704,-120.5112,CALAVERAS,UNINCORPORATED,-120.51122241,38.027069220000001
90171463,2016,2016-05-18,9255,2016-04-27,2025,018363,,3,2,9,0500,0,1,3,,1,020,"STATE ROUTE 49","DEER CREEK RD",1642.00,S,N,B,-,Y,,,49,,,,,,,Y,2,0,3,3,A,-,01,23152,A,N,C,C,A,B,H,-,D,D,0,,,,,Y,Y,A,01,1,0,2,0,0,0,0,0,0,"- ","- ",38.096919999999997,-120.58539,CALAVERAS,UNINCORPORATED,-120.58540778,38.096899139999998
90187494,2016,2016-05-25,9255,2016-05-21,1330,013556,,6,1,9,0500,0,1,3,,2,040,SR-4,"MAIN ST (VALLECITO)",430.00,W,N,B,-,Y,,,,,,,,,,Y,2,0,1,1,A,-,01,23152,A,N,F,A,A,A,H,-,A,D,0,,,Y,,Y,Y,C,02,1,0,0,0,0,0,0,0,1,"- ","- ",38.526000000000003,-120.2833,CALAVERAS,UNINCORPORATED,-120.64579581,37.984532049999999
90224884,2016,2016-07-18,9255,2016-07-07,1925,013939,,4,2,9,0500,0,1,3,,1,010,SR-12,SR-49,528.00,W,N,A,-,Y,,,12,,,,,,,Y,2,0,1,2,A,-,08,22107,,N,E,I,A,A,H,-,A,D,0,,,,,Y,,A,01,1,0,0,0,0,0,0,0,0,"- ","- ",38.207079999999998,-120.70093,CALAVERAS,UNINCORPORATED,-120.70091346,38.207115350000002
90233581,2016,2016-07-29,9255,2016-07-17,1948,018894,,7,2,9,0500,0,1,3,,2,050,"STATE ROUTE 4","SMOKEY COURT",0.00,,Y,A,-,Y,,,4,,,,,,,Y,2,0,3,1,A,-,08,22107,,N,E,I,A,A,H,-,B,D,0,,,,,Y,,A,01,1,2,0,0,0,0,0,0,0,"- ","- ",38.319560000000003,-120.26221,CALAVERAS,UNINCORPORATED,-120.26219444,38.319553220000003
90234732,2016,2016-08-01,9255,2016-07-27,1930,013939,,3,2,9,0500,0,1,3,,2,040,SR-4,"HUNTER DAM ROAD",231.00,W,N,A,-,Y,,,4,,,,,,,Y,2,0,1,1,A,-,01,23152,A,N,E,I,A,A,H,-,A,D,0,,,Y,,Y,Y,C,02,1,0,0,0,0,0,0,0,1,"- ","- ",38.199019999999997,-120.36561,CALAVERAS,UNINCORPORATED,-120.36569554,38.199028239999997
90254779,2016,2017-02-16,9255,2016-08-02,1820,019640,,2,2,9,0500,0,3,5,,2,002,"RIATA WAY","TAPADERO STREET",1584.00,N,N,A,-,N,,,,,,,,,,Y,1,1,1,1,A,-,01,23152,A,N,E,I,A,A,H,-,A,D,0,,,,,Y,Y,A,01,0,0,1,0,0,0,0,0,0,"- ","- ",38.09554,-120.66773000000001,CALAVERAS,UNINCORPORATED,-120.66923039,38.096325210000003
90271379,2016,2016-09-20,9255,2016-09-06,0100,019640,,2,3,9,0500,0,1,3,,1,020,SR-49,"RED HILL RD",6864.00,S,N,A,-,Y,,,49,,,,,,,Y,2,0,2,1,A,-,01,23152,A,N,F,A,A,A,H,-,D,D,0,,,,,Y,Y,D,22,2,0,0,0,0,0,0,0,0,"- ","- ",38.022950000000002,-120.51308,CALAVERAS,UNINCORPORATED,-120.51303203000001,38.02298382
90273798,2016,2016-11-01,9255,2016-09-03,0243,017324,,6,3,9,0500,0,1,3,,1,021,"STATE ROUTE 4","BONANZA MINE WAY",593.00,W,N,A,-,Y,,,4,,,,,,,Y,1,1,0,1,A,-,01,23152,A,N,E,I,A,A,D,-,D,D,0,,,,,Y,Y,D,22,0,0,0,0,0,0,0,0,0,"- ","- ",38.015830000000001,-120.64415,CALAVERAS,UNINCORPORATED,-120.64411929000001,38.01580654
90281305,2016,2017-06-08,9255,2016-09-23,0710,018363,,5,1,9,0500,0,1,3,,1,021,"STATE ROUTE 4","HORSESHOE LANE",309.00,E,N,A,-,Y,,,4,,,,,,,Y,1,1,1,3,A,-,03,22350,,N,C,C,A,A,D,-,A,A,0,,,,Y,Y,,D,22,0,1,0,0,0,0,0,0,0,"- ","- ",37.955889999999997,-120.68555000000001,CALAVERAS,UNINCORPORATED,-120.68555012,37.955908819999998
90297090,2016,2017-07-06,9255,2016-10-05,1411,018453,,3,2,9,0500,0,1,3,,2,031,SR-26,"HIGDON RD",4752.00,E,N,A,-,Y,,,26,,,,,,,Y,2,0,2,2,A,-,05,21460,A,N,A,C,A,A,H,-,A,D,0,,,,,Y,,A,01,1,0,1,0,0,0,0,0,0,"- ","- ",38.419649999999997,-120.54656,CALAVERAS,UNINCORPORATED,-120.54654558,38.419626010000002
90301545,2016,2016-10-26,9255,2016-10-21,1025,018492,,5,1,9,0500,0,1,3,,2,050,SR-4,"GANNS MEADOW DR",2112.00,W,N,A,-,Y,,,4,,,,,,,Y,2,0,1,2,A,-,05,21460,A,N,B,C,A,A,H,-,A,D,0,,,Y,,Y,,C,02,1,0,0,0,0,0,0,0,1,"- ","- ",38.400100000000002,-120.16441,CALAVERAS,UNINCORPORATED,-120.16443809,38.400120200000003
90308662,2016,2016-11-01,9255,2016-10-11,0852,015872,,2,1,9,0500,0,1,3,,2,030,SR-49,"UNION MINE ROAD",528.00,S,N,A,-,Y,,,49,,,,,,,Y,2,0,1,2,A,-,01,23152,A,F,B,C,A,A,H,-,A,D,0,,,,Y,Y,Y,A,07,1,0,0,0,0,0,0,0,0,"- ","- ",38.157440000000001,-120.64565,CALAVERAS,UNINCORPORATED,-120.64561492999999,38.157477040000003
90311319,2016,2017-06-08,9255,2016-10-21,1620,018492,,5,2,9,0500,0,1,3,,2,050,SR-4,"MEKO DR",0.00,,Y,A,-,Y,,,4,,,,,,,Y,1,1,1,2,A,-,09,21802,A,N,D,C,A,A,H,-,A,A,0,,,,,Y,,A,01,1,0,0,0,0,0,0,0,0,"- ","- ",38.322150000000001,-120.25254,CALAVERAS,UNINCORPORATED,-120.25255333,38.322248610000003
90325811,2016,2017-06-08,9255,2016-10-27,1449,018453,,4,2,9,0500,0,2,4,,1,041,"MURPHYS GRADE RD","FAIRVIEW PARK CT",530.00,E,N,B,C,N,,,,,,,,,,Y,1,2,3,2,A,-,05,21460,A,N,D,C,A,B,H,-,A,A,0,,,,,Y,,A,01,0,3,0,0,0,0,0,0,0,"- ","- ",38.118499999999997,-120.49818,CALAVERAS,UNINCORPORATED,-120.49810949,38.118691660000003
90355878,2016,2016-12-28,9255,2016-12-19,1730,019557,,1,2,9,0500,0,1,3,,1,010,SR-12,"SOUTHWORTH RD.",32.00,E,N,A,-,Y,,,,,,,,,,Y,2,0,2,3,A,-,03,22350,,N,C,C,A,A,H,-,D,D,0,,,,,Y,,A,01,1,0,1,0,0,0,0,0,0,"- ","- ",38.104709999999997,-120.57342,CALAVERAS,UNINCORPORATED,-120.95949837000001,38.179754129999999
90362879,2016,2017-01-06,9255,2016-12-31,1540,019389,,6,2,9,0500,0,1,3,,1,010,SR-12,SR-49,1056.00,W,N,B,-,Y,,,12,,,,,,,Y,2,0,1,1,A,-,01,23152,A,N,F,A,A,B,H,-,A,D,0,,,,,Y,Y,D,22,1,0,0,0,0,0,0,0,0,"- ","- ",38.207070000000002,-120.70057,CALAVERAS,UNINCORPORATED,-120.70060834,38.20697887
90373860,2016,2017-06-08,9255,2016-11-26,1415,019557,,6,2,9,0500,0,1,3,,1,010,SR-12,"CENTRAL HILL RD.",1572.00,W,N,B,C,Y,,,,,,,,,,Y,1,1,2,2,A,-,03,22350,,N,E,I,A,B,H,-,A,A,0,,,,Y,Y,,F,27,1,0,1,0,0,0,0,0,0,"- ","- ",38.121850000000002,-120.43378,CALAVERAS,UNINCORPORATED,-120.72714307,38.20515133
90380628,2017,2017-06-06,9255,2017-01-14,2500,018363,,6,4,9,0500,0,3,5,,2,002,"POOL STATION RD","STATE ROUTE 4",4382.00,N,N,B,-,N,,,,,,,,,,Y,1,1,0,1,A,-,08,22107,,N,F,A,A,B,H,-,D,D,0,,,,,Y,,A,01,0,0,0,0,0,0,0,0,0,"- ","- ",38.056100000000001,-120.65165,CALAVERAS,UNINCORPORATED,-120.65152214,38.055540989999997
90406742,2017,2017-03-06,9255,2017-02-27,2200,020142,,1,3,9,0500,0,3,5,,2,100,"S PETERSBURG RD","N SHORE CT",3168.00,W,N,A,-,N,,,,,,,,,,Y,2,0,1,2,A,-,13,22515,A,N,H,J,A,A,H,-,D,D,0,,,,,Y,,A,07,1,0,0,0,0,0,0,0,0,"- ","- ",38.177770000000002,-120.79637,CALAVERAS,UNINCORPORATED,-120.80039985000001,38.18928468
90417629,2017,2017-03-22,9255,2017-03-11,1520,018873,,6,2,9,0500,0,1,3,,2,030,SR-26,"SPORT HILL RD",100.00,E,N,A,-,Y,,,26,,,,,,,N,2,0,1,1,A,-,08,22107,,N,E,I,A,A,H,-,A,D,0,,,,,Y,,A,08,1,0,0,0,0,0,0,0,0,"- ","- ",38.300939999999997,-120.68986,CALAVERAS,UNINCORPORATED,-120.6898607,38.300906009999999
90418726,2017,2017-03-23,9255,2017-03-15,1825,016054,,3,2,9,0500,0,2,4,,1,041,"MURPHYS GRADE RD","FAIRVIEW PARK CT",422.00,E,N,A,-,N,,,,,,,,,,Y,2,0,2,2,A,-,01,23152,A,N,A,C,A,A,H,-,A,A,0,,,,,Y,Y,A,01,2,0,0,0,0,0,0,0,0,"- ","- ",38.125959999999999,-120.49115,CALAVERAS,UNINCORPORATED,-120.49818261,38.118400870000002
90434812,2017,2017-04-17,9255,2017-04-12,1513,020142,,3,2,9,0500,0,1,3,,1,010,SR-12,"DOUBLE SPRINGS RD",2640.00,E,N,B,C,Y,,,12,,,,,,,Y,2,0,2,1,A,-,01,23152,A,N,E,I,A,B,H,-,A,D,0,,,,,Y,Y,A,01,1,1,0,0,0,0,0,0,0,"- ","- ",38.212000000000003,-120.74718,CALAVERAS,UNINCORPORATED,-120.74714391000001,38.212079549999999
90447172,2017,2017-05-02,9255,2017-04-24,0411,019640,,1,3,9,0500,0,1,3,,1,021,SR-4,"HUNT RD",1584.00,W,N,B,-,Y,,,4,,,,,,,N,2,0,1,2,A,-,11,21956,,N,G,B,E,A,H,-,D,D,0,Y,,,,Y,,N,60,1,0,0,0,1,0,0,0,0,"- ","- ",38.030320000000003,-120.6477,CALAVERAS,UNINCORPORATED,-120.64770387999999,38.030318899999997
90447715,2017,2018-01-19,9255,2017-04-14,1525,019389,,5,2,9,0500,0,2,4,,1,022,"O'BYRNES FERRY RD","COSMIC CT",433.00,S,N,A,-,N,,,,,,,,,,Y,1,1,1,2,A,-,05,21460,A,N,A,C,A,A,H,-,A,D,0,,,,,Y,,A,01,1,0,0,0,0,0,0,0,0,"- ","- ",37.934600000000003,-120.60377,CALAVERAS,UNINCORPORATED,-120.60383508,37.934647779999999
90450243,2017,2017-06-08,9255,2017-04-30,1610,018459,,7,2,9,0500,0,1,3,,1,020,SR-49,"RED HILL RD",1056.00,S,N,A,-,Y,,,49,,,,,,,Y,1,1,0,1,A,-,01,23152,A,N,E,I,A,A,H,-,A,D,0,,,Y,,Y,Y,C,02,0,0,0,0,0,0,0,1,0,"- ","- ",38.033909999999999,-120.50658,CALAVERAS,UNINCORPORATED,-120.50659503999999,38.033900510000002
90454679,2017,2017-05-12,9255,2017-05-04,1014,013806,,4,1,9,0500,0,1,3,,2,030,"STATE ROUTE 49","GOLD RUSH LANE",1584.00,N,N,A,-,Y,,,,,,,,,,Y,2,0,2,1,A,-,03,22350,,N,E,I,A,A,H,-,A,A,0,,,Y,,Y,,C,02,2,0,0,0,0,0,0,0,2,"- ","- ",38.180199999999999,-120.4353,CALAVERAS,UNINCORPORATED,-120.73222865,38.300747119999997
90460510,2017,2017-09-26,9255,2017-05-08,1410,018825,,1,2,9,0500,0,3,5,,2,001,"MILTON RD","JENNY LIND RD",0.00,,Y,A,-,N,,,,,,,,,,Y,2,0,2,2,A,-,12,22450,A,N,D,C,A,A,H,-,A,A,0,,,,,Y,,D,22,1,0,1,0,0,0,0,0,0,"- ","- ",38.0991,-120.8736,CALAVERAS,UNINCORPORATED,-120.87843989,38.099189969999998
90468014,2017,2017-07-11,9255,2017-05-20,2500,013939,,6,4,9,0500,0,1,3,,1,010,SR-12,SR-49,3696.00,W,N,A,-,Y,,,12,,,,,,,Y,1,1,0,1,A,-,01,23152,G,N,E,I,A,A,H,-,D,D,0,,,Y,,Y,Y,C,02,0,0,0,0,0,0,0,1,0,"- ","- ",38.208359999999999,-120.7086,CALAVERAS,UNINCORPORATED,-120.70857484,38.208331129999998