CASE_ID,ACCIDENT_YEAR,PROC_DATE,JURIS,COLLISION_DATE,COLLISION_TIME,OFFICER_ID,REPORTING_DISTRICT,DAY_OF_WEEK,CHP_SHIFT,POPULATION,CNTY_CITY_LOC,SPECIAL_COND,BEAT_TYPE,CHP_BEAT_TYPE,CITY_DIVISION_LAPD,CHP_BEAT_CLASS,BEAT_NUMBER,PRIMARY_RD,SECONDARY_RD,DISTANCE,DIRECTION,INTERSECTION,WEATHER_1,WEATHER_2,STATE_HWY_IND,CALTRANS_COUNTY,CALTRANS_DISTRICT,STATE_ROUTE,ROUTE_SUFFIX,POSTMILE_PREFIX,POSTMILE,LOCATION_TYPE,RAMP_INTERSECTION,SIDE_OF_HWY,TOW_AWAY,COLLISION_SEVERITY,NUMBER_KILLED,NUMBER_INJURED,PARTY_COUNT,PRIMARY_COLL_FACTOR,PCF_CODE_OF_VIOL,PCF_VIOL_CATEGORY,PCF_VIOLATION,PCF_VIOL_SUBSECTION,HIT_AND_RUN,TYPE_OF_COLLISION,MVIW,PED_ACTION,ROAD_SURFACE,ROAD_COND_1,ROAD_COND_2,LIGHTING,CONTROL_DEVICE,CHP_ROAD_TYPE,PEDESTRIAN_ACCIDENT,BICYCLE_ACCIDENT,MOTORCYCLE_ACCIDENT,TRUCK_ACCIDENT,NOT_PRIVATE_PROPERTY,ALCOHOL_INVOLVED,STWD_VEHTYPE_AT_FAULT,CHP_VEHTYPE_AT_FAULT,COUNT_SEVERE_INJ,COUNT_VISIBLE_INJ,COUNT_COMPLAINT_PAIN,COUNT_PED_KILLED,COUNT_PED_INJURED,COUNT_BICYCLIST_KILLED,COUNT_BICYCLIST_INJURED,COUNT_MC_KILLED,COUNT_MC_INJURED,PRIMARY_RAMP,SECONDARY_RAMP,LATITUDE,LONGITUDE,COUNTY,CITY,POINT_X,POINT_Y
90472143,2017,2017-06-06,9255,2017-05-27,0200,018894,,6,3,9,0500,0,3,5,,2,005,"USFS ROAD 6N65","USFS ROAD 6N64",10560.00,E,N,A,-,N,,,,,,,,,,N,2,0,1,1,A,-,08,22107,,N,F,A,A,A,A,-,D,D,0,,,,,Y,,A,42,1,0,0,0,0,0,0,0,0,"- ","- ",38.370190000000001,-120.25517000000001,CALAVERAS,UNINCORPORATED,-120.24278640999999,38.376014490000003
90476961,2017,2017-06-13,9255,2017-06-04,1350,018318,,7,1,9,0500,0,1,3,,1,011,SR-26,"PALOMA RD",6336.00,W,N,A,-,Y,,,26,,,,,,,Y,2,0,1,1,A,-,08,22107,,N,F,A,A,A,H,-,A,D,0,,,Y,,Y,,C,02,1,0,0,0,0,0,0,0,1,"- ","- ",38.245519999999999,-120.75743,CALAVERAS,UNINCORPORATED,-120.75745846,38.245545120000003
90477318,2017,2017-06-13,9255,2017-06-04,0900,018894,,7,1,9,0500,0,3,5,,2,005,"USFS ROAD 5N75","BOARDS CROSSING RD",2640.00,W,N,A,-,N,,,,,,,,,,N,2,0,1,1,A,-,03,22350,,N,F,A,A,A,A,-,A,D,0,,,Y,,Y,,C,02,1,0,0,0,0,0,0,0,1,"- ","- ",38.296840000000003,-120.2543,CALAVERAS,UNINCORPORATED,-120.26248455,38.2975487
90487839,2017,2017-07-10,9255,2017-05-19,1710,019640,,5,2,9,0500,0,3,5,,2,001,"OSPITAL RD","LIVE OAK RD",755.00,N,N,A,-,N,,,,,,,,,,Y,1,1,1,1,A,-,01,23152,F,N,F,A,A,A,H,-,A,D,0,,,,,Y,,D,22,1,0,0,0,0,0,0,0,0,"- ","- ",38.13729,-120.94479,CALAVERAS,UNINCORPORATED,-120.94484,38.137663209999999
90499173,2017,2017-08-04,9255,2017-06-12,1515,018825,,1,2,9,0500,0,1,3,,2,030,SR-49,"AMADOR/CALAVERAS CO. LINE",5280.00,S,N,A,-,Y,,,49,,,,,,,Y,1,1,0,2,A,-,08,22107,,N,F,A,A,A,H,-,A,A,0,,,Y,,Y,,C,02,0,0,0,0,0,0,0,1,0,"- ","- ",38.303800000000003,-120.73009999999999,CALAVERAS,UNINCORPORATED,-120.73012745,38.303846710000002
90502797,2017,2017-07-18,9255,2017-07-07,1500,015872,,5,2,9,0500,0,3,5,,2,003,"JESUS MARIA ROAD","MUSIC GULCH ROAD",3168.00,W,N,A,-,N,,,,,,,,,,Y,2,0,1,1,A,-,08,22107,,N,F,A,A,A,H,-,A,D,0,,,,,Y,,A,07,1,0,0,0,0,0,0,0,0,"- ","- ",38.284529999999997,-120.62154,CALAVERAS,UNINCORPORATED,-120.62150033,38.284039790000001
90503179,2017,2017-07-18,9255,2017-07-15,2210,019640,,6,3,9,0500,0,3,5,,2,003,"WHISKEY SLIDE RD","W. MURRY CREEK ROAD",340.00,S,N,A,-,N,,,,,,,,,,N,2,0,1,1,A,-,01,23152,A,N,F,A,A,A,H,-,D,D,0,,,Y,,Y,Y,C,02,1,0,0,0,0,0,0,0,1,"- ","- ",38.241909999999997,-120.5697,CALAVERAS,UNINCORPORATED,-120.57004628999999,38.241995410000001
90505174,2017,2017-07-20,9255,2017-07-12,1510,019557,,3,2,9,0500,0,1,3,,1,010,SR-12,"SOUTHWORTH RD.",2640.00,W,N,A,-,Y,,,,,,,,,,Y,2,0,1,2,A,-,01,23152,A,N,D,C,A,A,H,-,A,D,0,,,,Y,Y,Y,D,22,1,0,0,0,0,0,0,0,0,"- ","- ",38.105800000000002,-120.58176,CALAVERAS,UNINCORPORATED,-120.96779447,38.183062909999997
90505499,2017,2017-07-21,9255,2017-07-12,2305,013939,,3,3,9,0500,0,1,3,,2,030,SR-49,"CENTER STREET",5280.00,N,N,A,-,Y,,,49,,,,,,,Y,2,0,3,1,A,-,05,21650,,N,E,I,A,A,H,-,D,D,0,,,,,Y,,D,22,1,2,0,0,0,0,0,0,0,"- ","- ",38.301960000000001,-120.73101,CALAVERAS,UNINCORPORATED,-120.73102303,38.301959320000002
90509099,2017,2017-07-26,9255,2017-07-21,1010,017324,,5,1,9,0500,0,1,3,,1,020,"STATE ROUTE 49","TUOLUMNE/CALAVERAS CO LINE",2640.00,N,N,A,-,Y,,,49,,,,,,,Y,2,0,1,1,A,-,08,22107,,N,F,A,A,A,H,-,A,D,0,,,Y,,Y,,C,02,1,0,0,0,0,0,0,0,1,"- ","- ",38.009810000000002,-120.50527,CALAVERAS,UNINCORPORATED,-120.50520591999999,38.009830559999997
90512802,2017,2017-07-31,9255,2017-07-18,2130,019640,,2,2,9,0500,0,1,3,,2,050,SR-4,"BIG TREES PKY",2245.00,W,N,A,-,Y,,,4,,,,,,,Y,2,0,1,1,A,-,01,23152,A,N,E,I,A,A,D,E,D,A,0,,,Y,,Y,Y,C,02,1,0,0,0,0,0,0,0,1,"- ","- ",38.274430000000002,-120.31511999999999,CALAVERAS,UNINCORPORATED,-120.31511175,38.274381689999998
90520923,2017,2017-08-11,9255,2017-08-09,0746,017324,,3,1,9,0500,0,2,4,,2,042,"PARROTTS FERRY ROAD","AIROLA ROAD",3696.00,N,N,A,-,N,,,,,,,,,,Y,2,0,4,2,A,-,05,21460,A,N,A,C,A,A,H,-,A,D,0,,,,,Y,,A,01,1,0,3,0,0,0,0,0,0,"- ","- ",38.058610000000002,-120.47141999999999,CALAVERAS,UNINCORPORATED,-120.46922098,38.060005990000001
90524757,2017,2017-08-16,9255,2017-08-10,1708,019525,,4,2,9,0500,0,1,3,,2,040,SR-4,"NORTHWOOD DR",1584.00,E,N,A,-,Y,,,4,,,,,,,Y,2,0,1,1,A,-,08,22107,,N,E,I,A,A,H,-,A,D,0,,,,,Y,,D,22,1,0,0,0,0,0,0,0,0,"- ","- ",38.173459999999999,-120.39617,CALAVERAS,UNINCORPORATED,-120.39618215,38.173477830000003
90535977,2017,2017-08-29,9255,2017-08-20,1130,015872,,7,1,9,0500,0,1,3,,1,021,SR-4,"STALLION WAY",1584.00,W,N,A,-,Y,,,4,,,,,,,Y,2,0,4,2,A,-,08,22107,,N,A,C,A,A,H,-,A,D,0,,,,,Y,,A,07,1,2,1,0,0,0,0,0,0,"- ","- ",38.051630000000003,-120.62532,CALAVERAS,UNINCORPORATED,-120.62532057,38.051631469999997
90542552,2017,2017-09-07,9255,2017-09-02,0730,020142,,6,1,9,0500,0,3,5,,2,002,"VALLECITO RD",SR-4,272.00,S,N,A,-,N,,,,,,,,,,Y,2,0,1,1,A,-,08,22107,,N,F,A,A,A,H,-,A,D,0,,,Y,,Y,,C,02,1,0,0,0,0,0,0,0,1,"- ","- ",38.078749999999999,-120.52731,CALAVERAS,UNINCORPORATED,-120.52716494000001,38.078533129999997
90545774,2017,2017-11-13,9255,2017-07-13,2030,013939,,4,2,9,0500,0,1,3,,2,030,SR-49,"BIG BAR ROAD",1584.00,S,N,A,-,Y,,,49,,,,,,,Y,1,1,0,1,C,-,18,,,N,E,I,A,A,H,-,D,D,0,,,,Y,Y,,-,"- ",0,0,0,0,0,0,0,0,0,"- ","- ",38.30912,-120.72516,CALAVERAS,UNINCORPORATED,-120.72517247,38.309130260000003
90579061,2017,2017-11-13,9255,2017-09-30,1635,020142,,6,2,9,0500,0,1,3,,2,030,SR-49,"BIG BAR ROAD",1584.00,S,N,A,-,Y,,,49,,,,,,,Y,1,1,0,3,A,-,05,21460,A,N,B,C,A,A,H,-,A,D,0,,,Y,,Y,,C,02,0,0,0,0,0,0,0,1,0,"- ","- ",38.30885,-120.7255,CALAVERAS,UNINCORPORATED,-120.72536189,38.308803619999999
90581117,2017,2017-10-27,9255,2017-10-25,1030,018825,,3,1,9,0500,0,3,5,,2,003,"MAIN ST",SR-26,375.00,S,N,A,-,N,,,,,,,,,,Y,2,0,1,1,A,-,08,22107,,N,E,I,A,A,H,-,A,D,0,,,,,Y,,D,22,1,0,0,0,0,0,0,0,0,"- ","- ",38.402500000000003,-120.5278,CALAVERAS,UNINCORPORATED,-120.52745,38.396830000000001
90593826,2017,2017-11-14,9255,2017-11-13,1605,018363,,1,2,9,0500,0,1,3,,2,031,"STATE ROUTE 26","TOLOMA CT.",55.00,W,N,A,-,Y,,,26,,,,,,,Y,2,0,2,1,A,-,08,22107,,N,E,I,A,A,H,-,A,D,0,,,,,Y,,A,01,2,0,0,0,0,0,0,0,0,"- ","- ",38.404499999999999,-120.52873,CALAVERAS,UNINCORPORATED,-120.52872004,38.404534990000002
90595026,2017,2017-11-15,9255,2017-11-04,2005,019557,,6,2,9,0500,0,3,5,,2,003,"WINTON RD.","BUMMERVILLE RD.",50.00,W,N,B,-,N,,,,,,,,,,Y,2,0,1,1,A,-,08,22107,,N,E,I,A,B,H,-,D,D,0,,,,,Y,Y,A,01,1,0,0,0,0,0,0,0,0,"- ","- ",38.408639999999998,-120.506,CALAVERAS,UNINCORPORATED,-120.50616427,38.408626220000002
90603723,2017,2017-11-28,9255,2017-11-16,2350,013939,,4,3,9,0500,0,1,3,,1,010,SR-12,"SAWMILL STREET",158.00,W,N,B,-,Y,,,12,,,,,,,Y,2,0,1,1,A,-,08,22107,,N,E,I,A,B,H,-,D,D,0,,,,,Y,,D,22,1,0,0,0,0,0,0,0,0,"- ","- ",38.195129999999999,-120.97924,CALAVERAS,UNINCORPORATED,-120.97913143,38.195196840000001
90611813,2017,2018-01-10,9255,2017-11-26,1545,019389,,7,2,9,0500,0,3,5,,2,003,"SUNSET ST","RUSSELLS RD",0.00,,Y,B,C,N,,,,,,,,,,N,2,0,1,1,A,-,01,23152,A,N,F,A,A,B,H,-,C,A,0,,,Y,,Y,Y,C,02,1,0,0,0,0,0,0,0,1,"- ","- ",38.192929999999997,-120.69123999999999,CALAVERAS,UNINCORPORATED,-120.69121996,38.192909989999997
90612147,2017,2017-12-07,9255,2017-11-03,1505,019525,,5,2,9,0500,0,3,5,,2,003,"MICHEL RD","CAVE CITY RD",1056.00,N,N,B,-,N,,,,,,,,,,Y,1,1,0,1,A,-,01,23152,F,N,E,I,A,A,H,-,A,D,0,,,,,Y,,A,07,0,0,0,0,0,0,0,0,0,"- ","- ",38.218330000000002,-120.54295,CALAVERAS,UNINCORPORATED,-120.54292977999999,38.218392309999999
90612888,2017,2017-12-08,9255,2017-12-02,1330,018363,,6,1,9,0500,0,1,3,,1,021,"STATE ROUTE 4","STALLION WAY",8342.00,E,N,A,-,Y,,,4,,,,,,,Y,2,0,1,2,A,-,08,22107,,N,E,I,A,A,H,-,A,D,0,,,,,Y,,A,01,1,0,0,0,0,0,0,0,0,"- ","- ",38.068420000000003,-120.60821,CALAVERAS,UNINCORPORATED,-120.60820931000001,38.06842426
90628022,2017,2017-12-27,9255,2017-11-27,1827,018453,,1,2,9,0500,0,1,3,,1,011,SR-26,"VISTA DEL LAGO DR",800.00,W,N,B,-,Y,,,26,,,,,,,Y,1,1,2,3,A,-,03,22350,,N,C,C,A,A,H,-,D,D,0,,,,,Y,,D,22,0,1,1,0,0,0,0,0,0,"- ","- ",38.166800000000002,-120.84076,CALAVERAS,UNINCORPORATED,-120.84073676,38.166781370000002
90628407,2017,2017-12-28,9255,2017-12-08,2220,013939,,5,3,9,0500,0,3,5,,2,002,"CHEYENNE ROAD","BEAR CLAW WAY",814.00,S,N,A,-,N,,,,,,,,,,Y,2,0,1,1,A,-,08,22107,,F,E,I,A,A,H,-,D,D,0,,,,,Y,,D,22,1,0,0,0,0,0,0,0,0,"- ","- ",37.944540000000003,-120.62957,CALAVERAS,UNINCORPORATED,-120.62908381,37.944167950000001
90633225,2017,2018-01-04,9255,2017-12-29,1619,017324,,5,2,9,0500,0,1,3,,1,021,"STATE ROUTE 4","POOL STATION ROAD",696.00,E,N,A,-,Y,,,4,,,,,,,Y,2,0,1,1,A,-,03,22350,,N,E,I,A,A,H,-,A,A,0,,,Y,,Y,,C,02,1,0,0,0,0,0,0,0,1,"- ","- ",38.046759999999999,-120.64648,CALAVERAS,UNINCORPORATED,-120.64646729,38.046746650000003
90644519,2018,2018-01-22,9255,2018-01-17,1440,018363,,3,2,9,0500,0,2,4,,2,034,"MOUNTAIN RANCH ROAD","ROCKY ROAD",3155.00,E,N,A,-,N,,,,,,,,,,Y,2,0,1,1,A,-,01,23152,A,N,E,I,A,A,H,-,A,D,0,,,,,Y,Y,D,22,1,0,0,0,0,0,0,0,0,"- ","- ",38.191078186035156,-120.60243988037109,CALAVERAS,UNINCORPORATED,-120.60223388671875,38.191291809082031
90672780,2018,2018-03-01,9255,2018-02-17,1250,018873,,6,1,9,0500,0,1,3,,2,030,SR-49,SR-12,55.00,S,N,A,-,Y,,,49,,,,,,,N,2,0,1,2,A,-,03,22350,,N,F,A,A,A,H,-,A,D,0,,,Y,,Y,,C,02,1,0,0,0,0,0,0,0,1,"- ","- ",38.204879760742188,-120.69743347167969,CALAVERAS,UNINCORPORATED,-120.69737243652344,38.204860687255859
90681434,2017,2018-03-13,9255,2017-09-05,0453,019640,,2,3,9,0500,0,1,3,,2,040,SR-4,"RED HILL RD",1225.00,W,N,A,-,Y,,,4,,,,,,,Y,1,1,0,3,A,-,01,23152,F,F,D,C,A,A,D,-,D,D,0,,,,Y,Y,,M,96,0,0,0,0,0,0,0,0,0,"- ","- ",38.093589999999999,-120.49048999999999,CALAVERAS,UNINCORPORATED,-120.4904914,38.093516729999997
90683473,2018,2018-03-19,9255,2018-02-23,1510,018873,,5,2,9,0500,0,1,3,,2,031,SR-26,"PONDEROSA WAY",57.00,E,N,A,-,Y,,,26,,,,,,,Y,1,2,0,2,A,-,01,23152,F,N,A,C,A,A,H,-,A,D,0,,,,,Y,,A,01,0,0,0,0,0,0,0,0,0,"- ","- ",38.330089569091797,-120.63127899169922,CALAVERAS,UNINCORPORATED,-120.63125610351562,38.330013275146484
90685774,2018,2018-03-20,9255,2018-03-12,1350,017340,,1,1,9,0500,0,3,5,,2,001,"RIPPON ROAD","CANE LANE",0.00,,Y,B,-,N,,,,,,,,,,Y,2,0,1,2,A,-,09,21802,A,N,D,C,A,A,H,-,A,A,0,,,Y,,Y,,D,22,1,0,0,0,0,0,0,0,1,"- ","- ",38.138431549072266,-120.84789276123047,CALAVERAS,UNINCORPORATED,-120.84792327880859,38.139400482177734
90699536,2018,2018-04-05,9255,2018-03-29,1220,017324,,4,1,9,0500,0,2,4,,1,022,"O'BRYNES FERRY ROAD","COPPER COVE DR",0.00,,Y,A,-,N,,,,,,,,,,Y,2,0,2,3,A,-,03,22350,,N,C,C,A,A,H,-,A,A,0,,,,,Y,,M,47,1,1,0,0,0,0,0,0,0,"- ","- ",37.940040588378906,-120.60549926757812,CALAVERAS,UNINCORPORATED,-120.60544,37.94003
90709048,2018,2018-04-19,9255,2018-04-12,1840,020414,,4,2,9,0500,0,3,5,,2,001,"HARTVICKSON LN","MULFORD CT",191.00,E,N,A,-,N,,,,,,,,,,Y,2,0,2,2,A,-,09,21804,A,N,H,C,A,A,H,-,A,D,0,,,,,Y,,D,22,1,0,1,0,0,0,0,0,0,"- ","- ",38.135150909423828,-120.84544372558594,CALAVERAS,UNINCORPORATED,-120.84555053710938,38.135162353515625
90732632,2018,2018-05-23,9255,2018-05-17,2145,018492,,4,2,9,0500,0,1,3,,2,050,SR-4,"RAMSEY RD",3696.00,W,N,A,-,Y,,,4,,,,,,,Y,2,0,1,1,A,-,01,23152,A,N,F,A,A,A,H,-,D,D,0,,,,,Y,Y,D,22,1,0,0,0,0,0,0,0,0,"- ","- ",38.340560913085938,-120.21518707275391,CALAVERAS,UNINCORPORATED,-120.21516418457031,38.340530395507812
90738863,2018,2018-06-01,9255,2018-05-18,1800,020563,,5,2,9,0500,0,3,5,,2,002,"GUN CLUB RD",SR-49,145.00,E,N,A,-,N,,,,,,,,,,Y,2,0,2,1,A,-,08,22107,,N,F,A,A,A,H,-,A,D,0,,,Y,,Y,,C,06,1,1,0,0,0,0,0,0,2,"- ","- ",38.051109313964844,-120.53106689453125,CALAVERAS,UNINCORPORATED,-120.53116607666016,38.051181793212891
90739222,2018,2018-10-29,9255,2018-05-09,1200,018825,,3,1,9,0500,0,1,3,,1,010,"STATE ROUTE 12","CENTRAL HILL RD",4515.00,E,N,A,-,Y,,,12,,,,,,,Y,1,1,0,2,A,-,03,22350,,N,C,C,A,A,H,-,A,D,0,,,Y,,Y,,C,02,0,0,0,0,0,0,0,1,0,"- ","- ",38.206199645996094,-120.71150207519531,CALAVERAS,UNINCORPORATED,-120.71152496337891,38.206260681152344
90741121,2018,2018-06-05,9255,2018-05-26,1730,019557,,6,2,9,0500,0,1,3,,2,031,SR-26,"3 CENT FLAT RD.",1584.00,E,N,A,-,Y,,,26,,,,,,,Y,2,0,1,1,A,-,01,23152,A,N,E,I,A,A,H,-,A,D,0,,,,,Y,Y,A,01,1,0,0,0,0,0,0,0,0,"- ","- ",38.357261657714844,-120.57395935058594,CALAVERAS,UNINCORPORATED,-120.57395935058594,38.357250213623047
90741133,2018,2018-06-05,9255,2018-05-25,0140,013939,,5,3,9,0500,0,1,3,,2,031,"STATE ROUTE 26","HIGDON ROAD",274.00,W,N,B,-,Y,,,26,,,,,,,Y,2,0,3,1,A,-,01,23152,A,N,E,I,A,A,H,-,D,D,0,,,,,Y,Y,A,01,3,0,0,0,0,0,0,0,0,"- ","- ",38.409721374511719,-120.55509185791016,CALAVERAS,UNINCORPORATED,-120.55506896972656,38.409820556640625
90785105,2018,2019-11-07,9255,2018-07-04,1403,020563,,3,2,9,0500,0,2,4,,1,022,"OBYRNES FERRY RD","DUCHESS DR",0.00,,Y,A,-,N,,,,,,,,,,Y,1,1,3,2,A,-,09,21801,A,N,D,C,A,A,H,-,A,D,0,,,,,Y,,A,07,2,1,0,0,0,0,0,0,0,"- ","- ",37.904159545898438,-120.58229064941406,CALAVERAS,UNINCORPORATED,-120.58217620849609,37.904190063476562
90790634,2018,2018-08-14,9255,2018-08-07,1610,018873,,2,2,9,0500,0,1,3,,1,020,SR-4,"ANGEL OAKS DR",8290.00,W,N,A,-,Y,,,4,,,,,,,Y,2,0,1,1,A,-,08,22107,,N,E,J,A,A,H,-,A,D,0,,,,,Y,,D,22,1,0,0,0,0,0,0,0,0,"- ","- ",38.069801330566406,-120.59217071533203,CALAVERAS,UNINCORPORATED,-120.59217834472656,38.069869995117188
90792522,2018,2018-08-16,9255,2018-08-09,2110,019557,,4,2,9,0500,0,1,3,,1,011,SR-26,"GOLD CREEK DR",690.00,E,N,A,-,Y,,,26,,,,,,,Y,2,0,1,1,A,-,01,23152,A,N,F,A,A,A,H,-,D,D,0,,,Y,,Y,Y,C,02,1,0,0,0,0,0,0,0,1,"- ","- ",38.179088592529297,-120.830322265625,CALAVERAS,UNINCORPORATED,-120.83036804199219,38.179107666015625
90806820,2018,2018-09-06,9255,2018-08-31,2335,013939,,5,3,9,0500,0,3,5,,2,004,"FRENCH GULCH ROAD","ST. JOHNS",400.00,W,N,A,-,N,,,,,,,,,,Y,2,0,1,1,A,-,01,23152,A,N,E,I,A,A,H,-,D,D,0,,,,,Y,Y,A,07,1,0,0,0,0,0,0,0,0,"- ","- ",38.139560699462891,-120.48879241943359,CALAVERAS,UNINCORPORATED,-120.48857879638672,38.139575958251953
90806916,2018,2018-09-06,9255,2018-08-24,1214,017324,,5,1,9,0500,0,1,3,,1,021,"STATE ROUTE 4","POOL STATION ROAD",826.00,E,N,A,-,Y,,,4,,,,,,,Y,2,0,1,3,A,-,05,21460,A,F,A,A,A,A,H,-,A,A,0,,,Y,Y,Y,,C,02,1,0,0,0,0,0,0,0,1,"- ","- ",38.046379089355469,-120.64679718017578,CALAVERAS,UNINCORPORATED,-120.64676666259766,38.046371459960938
90812228,2018,2018-09-13,9255,2018-09-06,1315,016479,,4,1,9,0500,0,1,3,,2,030,SR-49,"POOL STATION RD",0.00,,Y,A,-,Y,,,49,,,,,,,Y,2,0,1,2,A,-,03,22350,,N,C,C,A,A,H,-,A,D,0,,,,,Y,,A,01,1,0,0,0,0,0,0,0,0,"- ","- ",38.201519012451172,-120.69274139404297,CALAVERAS,UNINCORPORATED,-120.69286346435547,38.201248168945312
90814673,2018,2018-09-17,9255,2018-09-09,1530,018894,,7,2,9,0500,0,1,3,,2,050,"STATE ROUTE 4",NF-6N45,323.00,E,N,A,-,Y,,,4,,,,,,,Y,2,0,1,1,C,-,18,,,N,H,H,A,A,H,-,A,D,0,,,Y,,Y,,-,"- ",1,0,0,0,0,0,0,0,1,"- ","- ",38.386310577392578,-120.18524932861328,CALAVERAS,UNINCORPORATED,-120.18527221679688,38.386344909667969
90817393,2018,2018-09-20,9255,2018-09-15,1030,016479,,6,1,9,0500,0,1,3,,1,020,SR-49,"MEACHAM RANCH RD",1056.00,N,N,A,-,Y,,,49,,,,,,,Y,2,0,1,1,A,-,08,22107,,N,E,I,A,A,H,-,A,D,0,,,,,Y,,A,01,1,0,0,0,0,0,0,0,0,"- ","- ",38.105129241943359,-120.59378051757812,CALAVERAS,UNINCORPORATED,-120.59378814697266,38.105121612548828
90820860,2018,2019-10-02,9255,2018-09-04,0900,018363,,2,1,9,0500,0,1,3,,1,020,"STATE ROUTE 49","FOURTH CROSSING RD",1647.00,S,N,A,-,Y,,,49,,,,,,,Y,1,1,6,4,A,-,05,21460,A,N,B,C,A,A,H,-,A,D,0,,,,Y,Y,,D,22,1,3,2,0,0,0,0,0,0,"- ","- ",38.128429412841797,-120.63229370117188,CALAVERAS,UNINCORPORATED,-120.63224029541016,38.128463745117188
90831554,2018,2018-10-09,9255,2018-10-02,0454,019525,,2,3,9,0500,0,2,4,,1,022,"MAIN ST COPPEROPOLIS","REEDS TPKE",1090.00,S,N,B,-,N,,,,,,,,,,Y,2,0,1,1,A,-,08,22107,,N,E,I,A,A,H,-,D,D,0,,,,,Y,,A,01,1,0,0,0,0,0,0,0,0,"- ","- ",37.975440979003906,-120.63504028320312,CALAVERAS,UNINCORPORATED,-120.63752746582031,37.977371215820312
90843539,2018,2018-10-24,9255,2018-10-13,1205,018318,,6,1,9,0500,0,3,5,,2,004,"FRENCH GULCH RD","DARBY LN",500.00,E,N,A,-,N,,,,,,,,,,Y,2,0,1,1,A,-,08,22107,,N,E,I,A,A,H,-,A,D,0,,,,,Y,,A,07,1,0,0,0,0,0,0,0,0,"- ","- ",38.133190155029297,-120.49810791015625,CALAVERAS,UNINCORPORATED,-120.49859619140625,38.132411956787109
90866031,2018,2018-11-26,9255,2018-11-16,1842,021070,,5,2,9,0500,0,3,5,,2,001,"S BURSON RD",SR-12,3325.00,S,N,A,-,N,,,,,,,,,,Y,2,0,2,1,A,-,08,22107,,N,E,I,A,A,H,-,D,D,0,,,,,Y,,A,08,1,0,1,0,0,0,0,0,0,"- ","- ",38.174350738525391,-120.89058685302734,CALAVERAS,UNINCORPORATED,-120.89067840576172,38.174446105957031
90876560,2018,2018-12-05,9255,2018-11-26,1145,016055,,1,1,9,0500,0,1,3,,1,010,SR-12,"DOUBLE SPRINGS RD",2300.00,E,N,A,-,N,,,12,,,,,,,Y,2,0,1,1,A,-,01,23152,A,N,E,I,A,A,H,-,A,D,0,,,,,Y,Y,A,01,1,0,0,0,0,0,0,0,0,"- ","- ",38.211528778076172,-120.74632263183594,CALAVERAS,UNINCORPORATED,-120.74626922607422,38.211593627929688
90877580,2018,2019-07-11,9255,2018-11-02,2052,020414,,5,2,9,0500,0,1,3,,1,010,SR-12,"WARDS AVENUE",1285.00,E,N,A,-,Y,,,12,,,,,,,Y,1,1,0,1,A,-,01,23152,G,N,F,A,A,A,H,-,D,D,0,,,,Y,Y,Y,F,27,0,0,0,0,0,0,0,0,0,"- ","- ",38.192279815673828,-120.97441101074219,CALAVERAS,UNINCORPORATED,-120.97438812255859,38.19232177734375
90896661,2018,2019-01-03,9255,2018-12-28,1330,020270,,5,1,9,0500,0,2,4,,2,034,"RAILROAD FLAT RD","JESUS MARIA RD",15.00,S,N,A,-,N,,,,,,,,,,N,2,0,2,1,A,-,08,22107,,N,F,A,A,A,H,-,A,D,0,,,Y,,Y,,C,02,1,0,1,0,0,0,0,0,2,"- ","- ",38.284671783447266,-120.50408935546875,CALAVERAS,UNINCORPORATED,-120.5040283203125,38.284664154052734
90897948,2018,2019-02-11,9255,2018-12-09,0145,013939,,7,3,9,0500,0,3,5,,2,001,"MILTON ROAD","SOUTH GULCH ROAD",1650.00,N,N,A,-,N,,,,,,,,,,Y,1,1,0,1,A,-,01,23152,G,N,F,A,A,A,H,-,D,A,0,,,,,Y,Y,D,22,0,0,0,0,0,0,0,0,0,"- ","- ",38.064430236816406,-120.87075042724609,CALAVERAS,UNINCORPORATED,-120.87021636962891,38.06524658203125
90901150,2019,2019-01-09,9255,2019-01-03,1335,019534,,4,1,9,0500,0,2,4,,2,034,"RAILROAD FLAT ROAD","SWISS RANCH ROAD",25.00,N,N,A,-,N,,,,,,,,,,Y,2,0,1,1,A,-,01,23152,A,N,E,I,A,A,H,-,A,D,0,,,,,Y,Y,D,22,1,0,0,0,0,0,0,0,0,"- ","- ",38.266399383544922,-120.50356292724609,CALAVERAS,UNINCORPORATED,-120.50371551513672,38.266365051269531
90915461,2019,2019-01-30,9255,2019-01-21,1840,019389,,1,2,9,0500,0,3,5,,2,001,"BALDWIN ST","MCATEE ST",0.00,,Y,A,-,N,,,,,,,,,,N,2,0,1,2,A,-,09,21801,B,N,D,C,A,A,H,-,D,A,0,,,Y,,Y,,C,02,1,0,0,0,0,0,0,0,1,"- ","- ",38.108230590820312,-120.86773681640625,CALAVERAS,UNINCORPORATED,-120.86769866943359,38.108211517333984