CASE_ID,ACCIDENT_YEAR,PROC_DATE,JURIS,COLLISION_DATE,COLLISION_TIME,OFFICER_ID,REPORTING_DISTRICT,DAY_OF_WEEK,CHP_SHIFT,POPULATION,CNTY_CITY_LOC,SPECIAL_COND,BEAT_TYPE,CHP_BEAT_TYPE,CITY_DIVISION_LAPD,CHP_BEAT_CLASS,BEAT_NUMBER,PRIMARY_RD,SECONDARY_RD,DISTANCE,DIRECTION,INTERSECTION,WEATHER_1,WEATHER_2,STATE_HWY_IND,CALTRANS_COUNTY,CALTRANS_DISTRICT,STATE_ROUTE,ROUTE_SUFFIX,POSTMILE_PREFIX,POSTMILE,LOCATION_TYPE,RAMP_INTERSECTION,SIDE_OF_HWY,TOW_AWAY,COLLISION_SEVERITY,NUMBER_KILLED,NUMBER_INJURED,PARTY_COUNT,PRIMARY_COLL_FACTOR,PCF_CODE_OF_VIOL,PCF_VIOL_CATEGORY,PCF_VIOLATION,PCF_VIOL_SUBSECTION,HIT_AND_RUN,TYPE_OF_COLLISION,MVIW,PED_ACTION,ROAD_SURFACE,ROAD_COND_1,ROAD_COND_2,LIGHTING,CONTROL_DEVICE,CHP_ROAD_TYPE,PEDESTRIAN_ACCIDENT,BICYCLE_ACCIDENT,MOTORCYCLE_ACCIDENT,TRUCK_ACCIDENT,NOT_PRIVATE_PROPERTY,ALCOHOL_INVOLVED,STWD_VEHTYPE_AT_FAULT,CHP_VEHTYPE_AT_FAULT,COUNT_SEVERE_INJ,COUNT_VISIBLE_INJ,COUNT_COMPLAINT_PAIN,COUNT_PED_KILLED,COUNT_PED_INJURED,COUNT_BICYCLIST_KILLED,COUNT_BICYCLIST_INJURED,COUNT_MC_KILLED,COUNT_MC_INJURED,PRIMARY_RAMP,SECONDARY_RAMP,LATITUDE,LONGITUDE,COUNTY,CITY,POINT_X,POINT_Y
90948676,2019,2019-03-19,9255,2019-03-14,1430,020270,,4,2,9,0500,0,1,3,,1,010,SR-12,"MESSING RD",7.00,E,N,A,-,Y,,,12,,,,,,,Y,2,0,2,1,A,-,08,22107,,N,E,I,A,A,H,-,A,D,0,,,,,Y,,A,08,2,0,0,0,0,0,0,0,0,"- ","- ",38.180751800537109,-120.90878295898438,CALAVERAS,UNINCORPORATED,-120.90876770019531,38.180713653564453
90960433,2019,2019-04-03,9255,2019-03-27,1120,018894,,3,1,9,0500,0,1,3,,2,050,"STATE ROUTE 4","BIG TREES PKY",575.00,E,N,B,C,Y,,,4,,,,,,,Y,2,0,1,1,A,-,08,22107,,N,E,I,A,B,H,-,A,D,0,,,,,Y,,D,22,1,0,0,0,0,0,0,0,0,"- ","- ",38.278640747070312,-120.31060028076172,CALAVERAS,UNINCORPORATED,-120.31059265136719,38.278640747070312
90966597,2019,2019-04-12,9255,2019-04-05,1535,020414,,5,2,9,0500,0,1,3,,1,011,SR-26,"JENNY LIND RD",1676.00,E,N,B,-,Y,,,26,,,,,,,Y,2,0,1,1,A,-,08,22107,,N,E,I,A,B,H,-,A,D,0,,,,,Y,,D,22,1,0,0,0,0,0,0,0,0,"- ","- ",38.126850128173828,-120.87490844726562,CALAVERAS,UNINCORPORATED,-120.87494659423828,38.126853942871094
90976973,2019,2019-04-26,9255,2019-04-25,2122,021070,,4,2,9,0500,0,1,3,,2,050,SR-4,"HOWARD CT",1151.00,E,N,A,-,Y,,,4,,,,,,,Y,2,0,1,1,C,-,18,,,N,H,H,A,A,H,-,D,D,0,,,Y,,Y,,-,"- ",1,0,0,0,0,0,0,0,1,"- ","- ",38.210941314697266,-120.36859893798828,CALAVERAS,UNINCORPORATED,-120.36857604980469,38.210948944091797
90978245,2019,2019-04-29,9255,2019-04-23,0940,016918,,2,1,9,0500,0,3,5,,2,002,"WHITTLE RD",SR-49,4224.00,W,N,A,-,N,,,,,,,,,,N,2,0,1,2,A,-,03,22350,,N,C,G,A,A,H,-,A,D,0,,Y,,,Y,,L,04,1,0,0,0,0,0,1,0,0,"- ","- ",38.037891387939453,-120.53163909912109,CALAVERAS,UNINCORPORATED,-120.53500366210938,38.054897308349609
90978788,2019,2019-04-30,9255,2019-04-24,1105,018363,,3,1,9,0500,0,1,3,,2,030,"STATE ROUTE 49","FOURTH CROSSING RD",0.00,,Y,A,-,Y,,,49,,,,,,,Y,2,0,1,2,A,-,03,22350,,N,C,C,A,A,H,-,A,D,0,,,,,Y,,A,01,1,0,0,0,0,0,0,0,0,"- ","- ",38.132671356201172,-120.63503265380859,CALAVERAS,UNINCORPORATED,-120.63498687744141,38.132675170898438
91001937,2019,2019-06-03,9255,2019-05-24,1349,019534,,5,1,9,0500,0,3,5,,2,001,"CHESTNUT ST","DAPHNE ST",0.00,,Y,A,-,N,,,,,,,,,,Y,2,0,1,2,A,-,09,21802,A,N,D,C,A,A,H,-,A,A,0,,,Y,,Y,Y,A,01,1,0,0,0,0,0,0,0,1,"- ","- ",38.192958831787109,-120.82920074462891,CALAVERAS,UNINCORPORATED,-120.82923889160156,38.192909240722656
91002855,2019,2019-06-04,9255,2019-05-27,1745,019557,,1,2,9,0500,0,1,3,,2,040,SR-4,"HUNTER DAM RD",1056.00,E,N,B,-,Y,,,4,,,,,,,Y,2,0,3,2,A,-,05,21460,A,N,A,C,A,A,H,-,A,D,0,,,,,Y,,D,22,1,2,0,0,0,0,0,0,0,"- ","- ",38.198410034179688,-120.36593627929688,CALAVERAS,UNINCORPORATED,-120.36590576171875,38.198387145996094
91016852,2019,2019-06-25,9255,2019-06-22,2130,013939,,6,2,9,0500,0,3,5,,2,001,"ADAMS ROAD","WARREN ROAD",0.00,,Y,A,-,N,,,,,,,,,,Y,2,0,1,1,A,-,01,23152,A,N,E,I,A,A,H,-,D,D,0,,,,,Y,Y,A,07,1,0,0,0,0,0,0,0,0,"- ","- ",38.133731842041016,-120.92643737792969,CALAVERAS,UNINCORPORATED,-120.92642974853516,38.133831024169922
91016875,2019,2019-06-25,9255,2019-06-22,2028,019996,,6,2,9,0500,0,1,3,,2,031,SR-26,"IRIS WAY",298.00,E,N,A,-,Y,,,26,,,,,,,Y,2,0,1,1,A,-,01,23152,G,N,E,I,A,A,H,-,A,D,0,,,,,Y,,A,01,1,0,0,0,0,0,0,0,0,"- ","- ",38.409778594970703,-120.55478668212891,CALAVERAS,UNINCORPORATED,-120.55478668212891,38.409793853759766
91023811,2019,2019-07-03,9255,2019-06-22,1430,018894,,6,2,9,0500,0,3,5,,2,005,"USFS ROAD 7N23","USFS ROAD 6N03",25.00,N,N,A,-,N,,,,,,,,,,N,2,0,1,1,A,-,08,38314,,N,E,I,A,A,H,-,A,D,0,,,Y,,Y,,C,06,1,0,0,0,0,0,0,0,1,"- ","- ",38.408500671386719,-120.19403076171875,CALAVERAS,UNINCORPORATED,-120.19392395019531,38.408481597900391
91024249,2019,2019-07-17,9255,2019-07-01,0030,019557,,1,3,9,0500,0,1,3,,2,030,SR-49,"RIVER RANCH RD.",50.00,N,N,A,-,Y,,,49,,,,,,,Y,2,0,1,1,A,-,01,23152,A,N,E,I,A,A,H,-,D,D,0,,,,,Y,Y,A,01,1,0,0,0,0,0,0,0,0,"- ","- ",38.237789154052734,-120.71056365966797,CALAVERAS,UNINCORPORATED,-120.710693359375,38.237781524658203
91039436,2019,2019-07-26,9255,2019-07-20,1110,019534,,6,1,9,0500,0,1,3,,2,031,"STATE ROUTE 26","HUMBUG CREEK RD",0.00,,Y,A,-,Y,,,26,,,,,,,Y,2,0,1,1,A,-,08,22107,,N,E,I,A,A,H,-,A,D,0,,,Y,,Y,,C,02,1,0,0,0,0,0,0,0,1,"- ","- ",38.363121032714844,-120.56140899658203,CALAVERAS,UNINCORPORATED,-120.56140899658203,38.363121032714844
91041042,2019,2019-07-29,9255,2019-07-22,1551,019996,,1,2,9,0500,0,1,3,,1,021,SR-4,"POOL STATION RD",2250.00,W,N,A,-,Y,,,4,,,,,,,Y,2,0,1,1,A,-,08,22107,,N,E,I,A,A,H,-,A,D,0,,,Y,,Y,,C,02,1,0,0,0,0,0,0,0,1,"- ","- ",38.038379669189453,-120.64736175537109,CALAVERAS,UNINCORPORATED,-120.64744567871094,38.038379669189453
91041483,2019,2019-07-30,9255,2019-07-24,2100,013939,,3,2,9,0500,0,1,3,,2,040,SR-4,"SUNSET RIDGE COURT",1800.00,W,N,A,-,Y,,,4,,,,,,,N,2,0,1,1,C,-,18,,,N,H,A,A,A,H,-,C,D,0,,,,,Y,,-,"- ",1,0,0,0,0,0,0,0,0,"- ","- ",38.165420532226562,-120.42111968994141,CALAVERAS,UNINCORPORATED,-120.42112731933594,38.165443420410156
91042227,2019,2019-07-31,9255,2019-07-24,2330,019246,,3,3,9,0500,0,3,5,,2,003,"MOUNTAIN RANCH RD","WILLOW CREEK RD",739.00,E,N,A,-,N,,,,,,,,,,Y,2,0,1,1,A,-,08,22107,,N,F,A,A,A,H,-,D,D,0,,,,,Y,,D,22,1,0,0,0,0,0,0,0,0,"- ","- ",38.19049072265625,-120.64044952392578,CALAVERAS,UNINCORPORATED,-120.64068603515625,38.190483093261719
91049180,2019,2019-08-09,9255,2019-08-04,1809,021070,,7,2,9,0500,0,3,5,,2,004,"SCOTT ST","JONES ST",468.00,S,N,A,-,N,,,,,,,,,,Y,2,0,1,3,A,-,01,23152,F,N,B,C,A,A,H,-,A,D,0,,,,,Y,Y,A,07,1,0,0,0,0,0,0,0,0,"- ","- ",38.135528564453125,-120.46044158935547,CALAVERAS,UNINCORPORATED,-120.46040344238281,38.135505676269531
91059703,2019,2019-08-26,9255,2019-08-12,1000,019525,,1,1,9,0500,0,1,3,,2,031,SR-26,"HIGDON RD",0.00,,Y,A,-,Y,,,26,,,,,,,Y,2,0,1,2,A,-,08,22107,,N,F,A,A,A,H,-,A,D,0,,,Y,,Y,,C,02,1,0,0,0,0,0,0,0,1,"- ","- ",38.409999847412109,-120.55554962158203,CALAVERAS,UNINCORPORATED,-120.5555419921875,38.410007476806641
91067936,2019,2019-09-05,9255,2019-08-31,1715,019996,,6,2,9,0500,0,1,3,,2,030,SR-49,"DELL ORTO ROAD",2200.00,N,N,A,-,Y,,,49,,,,,,,Y,2,0,1,1,A,-,01,23152,A,N,F,A,A,A,H,-,A,D,0,,,Y,,Y,Y,C,02,1,0,0,0,0,0,0,0,1,"- ","- ",38.298061370849609,-120.72724151611328,CALAVERAS,UNINCORPORATED,-120.72724151611328,38.298053741455078
91079758,2019,2019-09-20,9255,2019-09-12,1705,018873,,4,2,9,0500,0,1,3,,1,021,SR-4,"APPALOOSA RD",1065.00,W,N,A,-,Y,,,4,,,,,,,Y,2,0,1,1,A,-,01,23152,A,N,E,I,A,A,H,-,A,D,0,,,,,Y,Y,D,22,1,0,0,0,0,0,0,0,0,"- ","- ",38.048248291015625,-120.63594818115234,CALAVERAS,UNINCORPORATED,-120.63592529296875,38.048210144042969
91088240,2019,2019-10-01,9255,2019-08-25,1624,021070,,7,2,9,0500,0,1,3,,2,040,SR-4,"WILLIAMS ST",175.00,W,N,A,-,Y,,,4,,,,,,,Y,1,1,1,2,A,-,01,23152,F,N,A,C,A,A,H,-,A,D,0,,,,,Y,,A,01,1,0,0,0,0,0,0,0,0,"- ","- ",38.140941619873047,-120.45382690429688,CALAVERAS,UNINCORPORATED,-120.45376586914062,38.140846252441406
91100894,2019,2019-10-18,9255,2019-10-08,1755,020142,,2,2,9,0500,0,1,3,,1,010,SR-12,"DOUBLE SPRINGS RD",2112.00,E,N,A,-,Y,,,12,,,,,,,Y,2,0,1,1,A,-,01,23152,A,N,E,I,A,A,H,-,A,D,0,,,,,Y,Y,D,22,1,0,0,0,0,0,0,0,0,"- ","- ",38.212230682373047,-120.74745941162109,CALAVERAS,UNINCORPORATED,-120.74746704101562,38.212211608886719
91114069,2019,2020-01-14,9255,2019-10-08,1415,020142,,2,2,9,0500,0,3,5,,2,001,"LIME CREEK RD","S PETERSBURG RD",230.00,W,N,A,-,N,,,,,,,,,,Y,1,2,0,1,A,-,01,23152,A,N,E,I,A,A,H,-,A,D,0,,,,,Y,Y,A,01,0,0,0,0,0,0,0,0,0,"- ","- ",38.192760467529297,-120.80680847167969,CALAVERAS,UNINCORPORATED,-120.80726623535156,38.192699432373047
91121498,2019,2020-08-14,9255,2019-10-04,0902,020270,,5,1,9,0500,0,1,3,,1,010,SR-12,"HASKELL ST",2640.00,E,N,A,-,Y,,,12,,,,,,,Y,1,1,1,2,A,-,09,21804,A,N,D,C,A,A,H,-,A,D,0,,,,,Y,,A,01,0,0,1,0,0,0,0,0,0,"- ","- ",38.177978515625,-120.93578338623047,CALAVERAS,UNINCORPORATED,-120.93577575683594,38.177967071533203
91129363,2019,2019-11-25,9255,2019-11-16,1405,019996,,6,2,9,0500,0,3,5,,2,005,"FOREST ROUTE 5N55","FOREST ROUTE 5N56",304.00,S,N,A,-,N,,,,,,,,,,Y,2,0,3,1,A,-,08,22107,,N,E,I,A,A,H,-,A,D,0,,,,,Y,,A,07,1,2,0,0,0,0,0,0,0,"- ","- ",38.268508911132812,-120.34525299072266,CALAVERAS,UNINCORPORATED,-120.34521484375,38.268501281738281
91134469,2019,2019-12-03,9255,2019-11-20,1418,019996,,3,2,9,0500,0,1,3,,1,010,SR-12,SR-49,2800.00,W,N,A,-,Y,,,12,,,,,,,Y,2,0,1,1,A,-,08,22107,,N,E,I,A,A,H,-,A,D,0,,,,,Y,,A,01,1,0,0,0,0,0,0,0,0,"- ","- ",38.209339141845703,-120.70545959472656,CALAVERAS,UNINCORPORATED,-120.70545959472656,38.209274291992188
91137637,2019,2019-12-06,9255,2019-12-02,1535,018318,,1,2,9,0500,0,3,5,,2,002,"COPPER COVE DR","QUIVER ST",1584.00,E,N,B,C,N,,,,,,,,,,Y,2,0,1,1,A,-,08,22107,,N,F,A,A,B,H,-,A,D,0,,,,,Y,,A,01,1,0,0,0,0,0,0,0,0,"- ","- ",37.936210632324219,-120.63107299804688,CALAVERAS,UNINCORPORATED,-120.63452911376953,37.937957763671875
91138778,2019,2019-12-10,9255,2019-12-01,1013,019525,,7,1,9,0500,0,1,3,,1,011,SR-26,"HOGAN DAM RD",1056.00,W,N,C,-,Y,,,26,,,,,,,Y,2,0,2,2,A,-,05,21460,A,N,A,C,A,B,H,-,A,D,0,,,,,Y,,A,01,2,0,0,0,0,0,0,0,0,"- ","- ",38.182781219482422,-120.82649993896484,CALAVERAS,UNINCORPORATED,-120.82649993896484,38.182777404785156
91140775,2019,2019-12-11,9255,2019-12-08,0340,019246,,7,3,9,0500,0,1,3,,1,011,SR-26,"JOSEPHINE LN",82.00,W,N,C,-,Y,,,26,,,,,,,Y,2,0,1,1,A,-,08,22107,,N,E,I,A,B,H,-,D,D,0,,,,,Y,,A,01,1,0,0,0,0,0,0,0,0,"- ","- ",38.115940093994141,-120.89015960693359,CALAVERAS,UNINCORPORATED,-120.89018249511719,38.115997314453125
91141114,2019,2020-03-17,9255,2019-11-09,2001,021070,,6,2,9,0500,0,1,3,,2,031,SR-26,"NIDEROST LN",347.00,E,N,A,-,Y,,,26,,,,,,,Y,1,1,0,1,A,-,01,23152,G,N,E,I,A,A,H,-,D,D,0,,,,,Y,Y,A,07,0,0,0,0,0,0,0,0,0,"- ","- ",38.414081573486328,-120.54216766357422,CALAVERAS,UNINCORPORATED,-120.54218292236328,38.414070129394531
91157670,2019,2020-01-02,9255,2019-11-25,1820,019996,,1,2,9,0500,0,1,3,,2,040,SR-4,"SILVER DAWN RANCH RD",623.00,W,N,A,-,Y,,,4,,,,,,,Y,1,1,0,2,A,-,08,22107,,N,A,C,A,A,H,-,D,D,0,,,,,Y,,A,01,0,0,0,0,0,0,0,0,0,"- ","- ",38.164089202880859,-120.43498992919922,CALAVERAS,UNINCORPORATED,-120.43498992919922,38.164077758789062
91161128,2019,2020-01-07,9255,2019-12-29,2100,018363,,7,2,9,0500,0,2,4,,2,034,"MOUNTAIN RANCH RD","RODESINO RD",830.00,W,N,A,-,N,,,,,,,,,,Y,2,0,3,1,A,-,01,23152,A,N,E,J,A,A,H,-,D,D,0,,,,,Y,Y,E,22,2,1,0,0,0,0,0,0,0,"- ","- ",38.231178283691406,-120.53459930419922,CALAVERAS,UNINCORPORATED,-120.53453826904297,38.231800079345703
91178535,2020,2020-02-03,9255,2020-01-23,1538,019640,,4,2,9,0500,0,1,3,,1,021,SR-4,"APPALOOSA RD",1056.00,E,N,A,-,Y,,,4,,,,,,,Y,2,0,3,2,A,-,08,22107,,N,E,I,A,A,H,-,A,D,0,,,,,Y,Y,A,01,1,0,2,0,0,0,0,0,0,"- ","- ",38.051288604736328,-120.62610626220703,CALAVERAS,UNINCORPORATED,-120.62612152099609,38.05133056640625
91185512,2020,2020-02-12,9255,2020-02-01,1422,020563,,6,2,9,0500,0,3,5,,2,003,"SKULL FLAT ROAD","WINTON ROAD",30.00,N,N,A,-,N,,,,,,,,,,N,2,0,1,1,C,-,18,,,N,H,A,A,A,H,-,A,D,0,,,,,Y,,-,"- ",1,0,0,0,0,0,0,0,0,"- ","- ",38.4039306640625,-120.52059173583984,CALAVERAS,UNINCORPORATED,-120.52052307128906,38.403816223144531
91195172,2020,2020-02-27,9255,2020-02-15,0205,020414,,6,3,9,0500,0,1,3,,1,020,SR-49,"BIG BONANZA LANE",294.00,S,N,A,-,Y,,,49,,,,,,,Y,2,0,1,1,A,-,01,23152,A,N,E,I,A,A,H,-,D,D,0,,,,,Y,Y,D,22,1,0,0,0,0,0,0,0,0,"- ","- ",38.053600311279297,-120.53388977050781,CALAVERAS,UNINCORPORATED,-120.53384399414062,38.053638458251953
91205177,2020,2020-03-10,9255,2020-03-04,1950,020563,,3,2,9,0500,0,1,3,,2,031,SR-26,"RIDGE ROAD",1470.00,W,N,A,-,Y,,,26,,,,,,,Y,2,0,1,1,A,-,08,22107,,N,E,I,A,A,H,-,D,D,0,,,,,Y,,A,01,1,0,0,0,0,0,0,0,0,"- ","- ",38.341350555419922,-120.58740997314453,CALAVERAS,UNINCORPORATED,-120.58740234375,38.341335296630859
91219374,2020,2020-04-01,9255,2020-03-25,1019,017324,,3,1,9,0500,0,1,3,,1,010,"STATE ROUTE 12","DOUBLE SPRINGS ROAD",1810.00,E,N,C,-,Y,,,12,,,,,,,Y,2,0,4,2,A,-,08,22107,,N,A,C,A,B,H,-,A,D,0,,,,,Y,,D,22,1,3,0,0,0,0,0,0,0,"- ","- ",38.212429046630859,-120.75025177001953,CALAVERAS,UNINCORPORATED,-120.75025177001953,38.212440490722656
91220259,2020,2020-04-03,9255,2020-03-29,2150,019246,,7,2,9,0500,0,3,5,,2,003,"SWISS RANCH RD","QUARTZ MINE RD",492.00,W,N,B,-,N,,,,,,,,,,Y,2,0,1,1,A,-,08,22107,,N,E,I,A,A,H,-,D,D,0,,,,,Y,,D,22,1,0,0,0,0,0,0,0,0,"- ","- ",38.270938873291016,-120.49456787109375,CALAVERAS,UNINCORPORATED,-120.49449920654297,38.270885467529297
91227329,2020,2020-04-20,9255,2020-04-12,1550,020142,,7,2,9,0500,0,3,5,,2,002,"MILTON RD","GRANITE ST",2640.00,S,N,A,-,N,,,,,,,,,,Y,2,0,1,1,A,-,08,22107,,N,E,I,A,A,H,-,A,D,0,,,,,Y,,D,22,1,0,0,0,0,0,0,0,0,"- ","- ",38.022491455078125,-120.85482025146484,CALAVERAS,UNINCORPORATED,-120.85475921630859,38.022914886474609
91227346,2020,2020-04-20,9255,2020-04-12,1605,020563,,7,2,9,0500,0,1,3,,2,030,SR-49,"GOLD RUSH LANE",1800.00,N,N,A,-,Y,,,49,,,,,,,Y,2,0,1,1,A,-,08,22107,,N,E,I,A,A,H,-,A,D,0,,,Y,,Y,,C,02,1,0,0,0,0,0,0,0,1,"- ","- ",38.300609588623047,-120.73162841796875,CALAVERAS,UNINCORPORATED,-120.73164367675781,38.300651550292969
91228910,2020,2020-04-30,9255,2020-04-14,1835,019557,,2,2,9,0500,0,1,3,,2,040,SR-4,"NORTHWOOD DR.",0.00,,Y,A,-,Y,,,4,,,,,,,Y,2,0,5,2,A,-,01,23152,A,N,A,C,A,A,H,-,A,D,0,,,,,Y,Y,A,01,2,3,0,0,0,0,0,0,0,"- ","- ",38.172721862792969,-120.40312194824219,CALAVERAS,UNINCORPORATED,-120.40310668945312,38.172687530517578
91237479,2020,2020-05-13,9255,2020-05-05,2020,020563,,2,2,9,0500,0,3,5,,2,003,"JESUS MARIA RD","HAWVER ROAD",1320.00,N,N,A,-,N,,,,,,,,,,Y,2,0,1,1,A,-,01,23152,A,N,F,I,A,A,H,-,D,D,0,,,,,Y,Y,D,22,1,0,0,0,0,0,0,0,0,"- ","- ",38.288280487060547,-120.67073059082031,CALAVERAS,UNINCORPORATED,-120.66591644287109,38.284358978271484
91245175,2020,2020-05-29,9255,2020-05-27,0400,018363,,3,3,9,0500,0,1,3,,2,030,"STATE ROUTE 49","BIG BAR RD",1797.00,S,N,A,-,Y,,,49,,,,,,,Y,2,0,3,1,A,-,08,22107,,N,E,I,A,A,H,-,D,D,0,,,,,Y,,A,01,1,2,0,0,0,0,0,0,0,"- ","- ",38.307071685791016,-120.72556304931641,CALAVERAS,UNINCORPORATED,-120.72555541992188,38.307064056396484
91245539,2020,2021-08-24,9255,2020-04-23,1720,019640,,4,2,9,0500,0,3,5,,2,003,"WINTON RD","LILY GAP RD",10032.00,E,N,A,-,N,,,,,,,,,,Y,1,1,0,1,A,-,01,23152,A,N,E,I,A,A,H,-,A,D,0,,,,,Y,Y,A,01,0,0,0,0,0,0,0,0,0,"- ","- ",38.425319671630859,-120.48297882080078,CALAVERAS,UNINCORPORATED,-120.47521209716797,38.428627014160156
91246446,2020,2020-06-02,9255,2020-05-29,1020,018318,,5,1,9,0500,0,1,3,,2,030,SR-49,"BIG BAR ROAD",3696.00,S,N,A,-,Y,,,49,,,,,,,Y,2,0,1,1,A,-,03,22350,,N,F,A,A,A,H,-,A,D,0,,,,Y,Y,,G,25,1,0,0,0,0,0,0,0,0,"- ","- ",38.305389404296875,-120.72821807861328,CALAVERAS,UNINCORPORATED,-120.72817993164062,38.305431365966797
91253490,2020,2020-06-17,9255,2020-06-06,1130,018873,,6,1,9,0500,0,1,3,,1,011,SR-26,"HAGEN CT",975.00,S,N,A,-,Y,,,26,,,,,,,N,2,0,1,2,A,-,05,21202,A,N,B,G,A,A,H,-,A,D,0,,Y,,,Y,,L,04,1,0,0,0,0,0,1,0,0,"- ","- ",38.133731842041016,-120.86933135986328,CALAVERAS,UNINCORPORATED,-120.86934661865234,38.133743286132812
91261573,2020,2020-07-01,9255,2020-06-26,0825,019525,,5,1,9,0500,0,1,3,,1,020,SR-49,"RED HILL RD",6864.00,S,N,A,-,Y,,,49,,,,,,,Y,2,0,2,2,A,-,08,22107,,N,F,I,A,A,H,-,A,D,0,,,Y,Y,Y,,C,02,1,0,1,0,0,0,0,0,1,"- ","- ",38.016059875488281,-120.50953674316406,CALAVERAS,UNINCORPORATED,-120.50955200195312,38.016056060791016
91263117,2020,2020-07-03,9255,2020-06-26,2010,020563,,5,2,9,0500,0,1,3,,2,030,SR-49,"MAIN STREET",0.00,,Y,A,-,Y,,,49,,,,,,,N,2,0,1,2,A,-,11,21950,B,N,G,B,B,A,H,-,A,D,0,Y,,,,Y,,N,60,1,0,0,0,1,0,0,0,0,"- ","- ",38.196178436279297,-120.68087768554688,CALAVERAS,UNINCORPORATED,-120.68088531494141,38.196170806884766
91264519,2020,2020-07-07,9255,2020-06-23,2150,019996,,2,2,9,0500,0,1,3,,1,011,SR-26,"QUAIL OAKS ROAD",173.00,E,N,A,-,Y,,,26,,,,,,,Y,2,0,2,1,A,-,01,23152,A,N,F,A,A,A,H,-,D,D,0,,,,,Y,Y,A,01,2,0,0,0,0,0,0,0,0,"- ","- ",38.172691345214844,-120.83541870117188,CALAVERAS,UNINCORPORATED,-120.83538818359375,38.172634124755859
91265586,2020,2020-07-08,9255,2020-06-27,1545,020563,,6,2,9,0500,0,1,3,,2,030,SR-49,"BIG BAR ROAD",3696.00,S,N,A,-,Y,,,49,,,,,,,Y,2,0,1,1,A,-,08,22107,,N,E,I,A,A,H,-,A,A,0,,,Y,,Y,,C,02,1,0,0,0,0,0,0,0,1,"- ","- ",38.305339813232422,-120.72808074951172,CALAVERAS,UNINCORPORATED,-120.72808074951172,38.305339813232422
91270913,2020,2020-07-20,9255,2020-07-12,1410,021070,,7,2,9,0500,0,2,4,,2,034,"MOUNTAIN RANCH RD","ROCKY RD",3381.00,E,N,A,-,N,,,,,,,,,,Y,2,0,2,1,A,-,08,22107,,N,F,A,A,A,H,-,A,D,0,,,,,Y,,A,07,1,1,0,0,0,0,0,0,0,"- ","- ",38.191879272460938,-120.60117340087891,CALAVERAS,UNINCORPORATED,-120.60164642333984,38.191699981689453
91278887,2020,2020-07-31,9255,2020-06-10,2316,020270,,3,3,9,0500,0,1,3,,2,031,SR-26,"STANLEY RD",1554.00,E,N,A,-,Y,,,26,,,,,,,Y,1,1,0,1,A,-,01,23152,G,N,E,I,A,A,H,-,D,D,0,,,,,Y,Y,D,22,0,0,0,0,0,0,0,0,0,"- ","- ",38.389419555664062,-120.53093719482422,CALAVERAS,UNINCORPORATED,-120.53093719482422,38.389347076416016
91284719,2020,2020-08-12,9255,2020-08-02,1250,016479,,7,1,9,0500,0,1,3,,1,021,SR-4,"HUNT RD",1200.00,W,N,A,-,Y,,,4,,,,,,,Y,2,0,1,1,A,-,05,21650,,N,E,I,A,A,H,-,A,D,0,,,Y,,Y,,C,02,1,0,0,0,0,0,0,0,1,"- ","- ",38.028251647949219,-120.64676666259766,CALAVERAS,UNINCORPORATED,-120.64680480957031,38.028232574462891
91291120,2020,2020-08-24,9255,2020-08-12,2015,020563,,3,2,9,0500,0,3,5,,2,001,"GARNER PLACE","FRIEDMAN WAY",440.00,S,N,A,-,N,,,,,,,,,,Y,2,0,1,1,A,-,01,23152,A,N,E,I,A,A,H,-,B,D,0,,,,,Y,Y,A,01,1,0,0,0,0,0,0,0,0,"- ","- ",38.123649597167969,-120.86588287353516,CALAVERAS,UNINCORPORATED,-120.87158203125,38.129901885986328
91298681,2020,2020-09-03,9255,2020-08-27,1930,018492,,4,2,9,0500,0,1,3,,2,050,SR-4,"OTTAWA DR",2640.00,E,N,A,-,Y,,,4,,,,,,,Y,2,0,1,1,A,-,01,23152,A,N,F,A,A,A,H,-,B,D,0,,,,,Y,Y,D,22,1,0,0,0,0,0,0,0,0,"- ","- ",38.321250915527344,-120.2613525390625,CALAVERAS,UNINCORPORATED,-120.26136016845703,38.321254730224609
91314431,2020,2020-09-29,9255,2020-09-19,1558,020270,,6,2,9,0500,0,3,5,,2,001,"SOUTHWORTH RD","BURSON RD",18.00,W,N,A,-,N,,,,,,,,,,Y,2,0,1,2,A,-,03,22350,,N,C,C,A,A,H,-,A,D,0,,,Y,,Y,,C,02,1,0,0,0,0,0,0,0,1,"- ","- ",38.148658752441406,-120.89958190917969,CALAVERAS,UNINCORPORATED,-120.89920043945312,38.148635864257812
91338294,2020,2020-11-03,9255,2020-10-30,1925,019640,,5,2,9,0500,0,1,3,,2,040,SR-4,"BATTEN ROAD",1584.00,E,N,A,-,Y,,,4,,,,,,,Y,2,0,2,2,A,-,01,23152,A,N,A,C,A,A,H,-,D,D,0,,,,,Y,Y,A,01,2,0,0,0,0,0,0,0,0,"- ","- ",38.104629516601562,-120.46626281738281,CALAVERAS,UNINCORPORATED,-120.46627807617188,38.104648590087891