CASE_ID,ACCIDENT_YEAR,PROC_DATE,JURIS,COLLISION_DATE,COLLISION_TIME,OFFICER_ID,REPORTING_DISTRICT,DAY_OF_WEEK,CHP_SHIFT,POPULATION,CNTY_CITY_LOC,SPECIAL_COND,BEAT_TYPE,CHP_BEAT_TYPE,CITY_DIVISION_LAPD,CHP_BEAT_CLASS,BEAT_NUMBER,PRIMARY_RD,SECONDARY_RD,DISTANCE,DIRECTION,INTERSECTION,WEATHER_1,WEATHER_2,STATE_HWY_IND,CALTRANS_COUNTY,CALTRANS_DISTRICT,STATE_ROUTE,ROUTE_SUFFIX,POSTMILE_PREFIX,POSTMILE,LOCATION_TYPE,RAMP_INTERSECTION,SIDE_OF_HWY,TOW_AWAY,COLLISION_SEVERITY,NUMBER_KILLED,NUMBER_INJURED,PARTY_COUNT,PRIMARY_COLL_FACTOR,PCF_CODE_OF_VIOL,PCF_VIOL_CATEGORY,PCF_VIOLATION,PCF_VIOL_SUBSECTION,HIT_AND_RUN,TYPE_OF_COLLISION,MVIW,PED_ACTION,ROAD_SURFACE,ROAD_COND_1,ROAD_COND_2,LIGHTING,CONTROL_DEVICE,CHP_ROAD_TYPE,PEDESTRIAN_ACCIDENT,BICYCLE_ACCIDENT,MOTORCYCLE_ACCIDENT,TRUCK_ACCIDENT,NOT_PRIVATE_PROPERTY,ALCOHOL_INVOLVED,STWD_VEHTYPE_AT_FAULT,CHP_VEHTYPE_AT_FAULT,COUNT_SEVERE_INJ,COUNT_VISIBLE_INJ,COUNT_COMPLAINT_PAIN,COUNT_PED_KILLED,COUNT_PED_INJURED,COUNT_BICYCLIST_KILLED,COUNT_BICYCLIST_INJURED,COUNT_MC_KILLED,COUNT_MC_INJURED,PRIMARY_RAMP,SECONDARY_RAMP,LATITUDE,LONGITUDE,COUNTY,CITY,POINT_X,POINT_Y
91347817,2020,2020-11-18,9255,2020-11-14,1720,019557,,6,2,9,0500,0,2,4,,1,022,"OBYRNES FERRY RD","DUCHESS DR.",2640.00,S,N,A,-,N,,,,,,,,,,Y,2,0,1,1,A,-,01,23152,A,N,E,J,A,A,H,-,D,D,0,,,Y,,Y,Y,C,02,1,0,0,0,0,0,0,0,1,"- ","- ",38.898231506347656,-120.57801055908203,CALAVERAS,UNINCORPORATED,-120.57779693603516,37.897960662841797
91348575,2020,2020-11-19,9255,2020-11-13,1816,019996,,5,2,9,0500,0,1,3,,1,021,SR-4,"POOL STATION ROAD",700.00,E,N,B,C,Y,,,4,,,,,,,Y,2,0,4,2,A,-,05,21460,A,N,A,C,A,B,H,-,E,D,0,,,,,Y,,A,01,2,2,0,0,0,0,0,0,0,"- ","- ",38.046451568603516,-120.64678955078125,CALAVERAS,UNINCORPORATED,-120.64674377441406,38.046421051025391
91374956,2020,2020-12-24,9255,2020-12-17,0950,018318,,4,1,9,0500,0,3,5,,2,001,"GARNER PL","BERGSMA LN",50.00,S,N,B,-,N,,,,,,,,,,Y,2,0,2,2,A,-,03,22350,,N,C,C,A,B,H,-,A,D,0,,,Y,,Y,,C,02,2,0,0,0,0,0,0,0,2,"- ","- ",38.128570556640625,-120.86824798583984,CALAVERAS,UNINCORPORATED,-120.868408203125,38.128868103027344
91389943,2020,2021-01-18,9255,2020-12-18,1010,017324,,5,1,9,0500,0,1,3,,2,040,"VALLECITO ROAD","STATE ROUTE 4",848.00,S,N,A,-,N,,,,,,,,,,Y,1,1,1,2,A,-,08,22107,,N,A,C,A,A,H,-,A,D,0,,,,,Y,,A,01,1,0,0,0,0,0,0,0,0,"- ","- ",38.078079223632812,-120.529052734375,CALAVERAS,UNINCORPORATED,,
91403157,2021,2021-02-05,9255,2021-01-29,1645,020270,,5,2,9,0500,0,1,3,,2,031,SR-26,"EALEY RD.",922.00,E,N,C,-,Y,,,26,,,,,,,Y,2,0,1,2,A,-,03,22350,,N,D,C,A,C,H,-,A,D,0,,,,,Y,,A,01,1,0,0,0,0,0,0,0,0,"- ","- ",38.35906982421875,-120.57099914550781,CALAVERAS,UNINCORPORATED,-120.57098388671875,38.359054565429688
91406069,2021,2021-02-19,9255,2021-02-02,1630,019534,,2,2,9,0500,0,3,5,,2,001,"HOGAN DAM RD","SILVER RAPIDS RD",3168.00,E,N,B,-,N,,,,,,,,,,Y,2,0,4,1,A,-,03,22350,,N,E,I,A,B,H,-,A,D,0,,,,,Y,,A,01,1,2,1,0,0,0,0,0,0,"- ","- ",38.152599334716797,-120.81548309326172,CALAVERAS,UNINCORPORATED,-120.81901550292969,38.144077301025391
91448300,2021,2021-04-12,9255,2021-03-31,1405,019534,,3,2,9,0500,0,1,3,,2,030,"STATE ROUTE 49","BIG BAR RD",2640.00,S,N,A,-,Y,,,49,,,,,,,Y,2,0,1,2,A,-,03,22350,,N,F,A,A,A,H,-,A,D,0,,,Y,,Y,,C,02,1,0,0,0,0,0,0,0,1,"- ","- ",38.307178497314453,-120.72532653808594,CALAVERAS,UNINCORPORATED,-120.72534942626953,38.307193756103516
91453034,2021,2021-04-19,9255,2021-04-17,1005,018492,,6,1,9,0500,0,1,3,,2,050,SR-4,"MORAN RD",3696.00,E,N,A,-,Y,,,4,,,,,,,Y,2,0,3,2,A,-,01,23152,A,N,A,C,A,A,H,-,A,D,0,,,,,Y,Y,A,01,1,1,1,0,0,0,0,0,0,"- ","- ",38.270061492919922,-120.32253265380859,CALAVERAS,UNINCORPORATED,-120.32248687744141,38.270053863525391
91469961,2021,2021-05-27,9255,2021-04-29,1625,019640,,4,2,9,0500,0,3,5,,2,002,"POOL STATION RD","BAR 7 ROAD",1584.00,N,N,A,-,N,,,,,,,,,,Y,2,0,1,1,A,-,01,23152,A,N,E,I,A,A,H,-,A,D,0,,,,,Y,Y,A,01,1,0,0,0,0,0,0,0,0,"- ","- ",38.081920623779297,-120.66204833984375,CALAVERAS,UNINCORPORATED,,
91470065,2021,2021-05-27,9255,2021-05-08,1711,020142,,6,2,9,0500,0,1,3,,1,021,SR-4,"HUNT RD",732.00,W,N,A,-,Y,,,4,,,,,,,Y,2,0,1,2,A,-,05,21460,A,N,B,C,A,A,H,-,A,D,0,,,Y,,Y,,C,02,1,0,0,0,0,0,0,0,1,"- ","- ",38.033321380615234,-120.64895629882812,CALAVERAS,UNINCORPORATED,-120.64897918701172,38.033306121826172
91470851,2021,2021-05-27,9255,2021-04-30,1205,018318,,5,1,9,0500,0,1,3,,1,020,SR-49,"COSGRAVE ROAD",550.00,N,N,A,-,Y,,,49,,,,,,,N,2,0,1,1,A,-,08,22107,,N,F,A,A,A,H,-,A,D,0,,,,,Y,,A,07,1,0,0,0,0,0,0,0,0,"- ","- ",38.111099243164062,-120.60475158691406,CALAVERAS,UNINCORPORATED,-120.604736328125,38.11114501953125
91483413,2021,2021-05-27,9255,2021-04-20,1514,019996,,2,2,9,0500,0,1,3,,2,031,"STATE ROUTE 49","STATE ROUTE 12",1330.00,N,N,A,-,Y,,,49,,,,,,,Y,1,1,2,3,A,-,05,21460,A,N,A,C,A,A,H,-,A,D,0,,,,,Y,,D,22,0,2,0,0,0,0,0,0,0,"- ","- ",38.208461761474609,-120.69721221923828,CALAVERAS,UNINCORPORATED,-120.69719696044922,38.208457946777344
91487771,2021,2021-06-02,9255,2021-02-21,1605,020142,,7,2,9,0500,0,3,5,,2,001,"DOUBLE SPRINGS ROAD","FREEDOM WAY",440.00,W,N,A,-,N,,,,,,,,,,Y,1,1,1,2,A,-,05,21460,A,N,A,C,A,A,H,-,A,D,0,,,Y,,Y,,A,01,0,1,0,0,0,0,0,1,0,"- ","- ",38.215751647949219,-120.76930999755859,CALAVERAS,UNINCORPORATED,,
91490670,2021,2021-06-07,9255,2021-05-22,2113,019246,,6,2,9,0500,0,1,3,,1,011,"JENNY LIND RD","DALEE RD",0.00,,Y,A,-,N,,,,,,,,,,Y,2,0,1,1,A,-,01,23152,A,N,E,I,A,A,H,-,D,D,0,,,,,Y,Y,D,22,1,0,0,0,0,0,0,0,0,"- ","- ",38.122440338134766,-120.87713623046875,CALAVERAS,UNINCORPORATED,-120.87722015380859,38.122352600097656
91492162,2021,2021-06-08,9255,2021-06-01,1945,020563,,2,2,9,0500,0,1,3,,1,010,SR-12,"LIME CREEK ROAD",340.00,E,N,A,-,Y,,,12,,,,,,,Y,2,0,1,2,A,-,03,22350,,N,C,C,A,A,H,-,A,A,0,,,Y,,Y,,C,02,1,0,0,0,0,0,0,0,1,"- ","- ",38.193710327148438,-120.81957244873047,CALAVERAS,UNINCORPORATED,-120.81956481933594,38.193698883056641
91496708,2021,2021-06-14,9255,2021-06-02,0730,018894,,3,1,9,0500,0,1,3,,2,050,"STATE ROUTE 4","COUNTRY CLUB DR",0.00,,Y,A,-,Y,,,4,,,,,,,Y,2,0,3,2,A,-,09,21802,A,N,D,C,A,A,H,-,A,A,0,,,,,Y,,A,07,1,1,1,0,0,0,0,0,0,"- ","- ",38.242401123046875,-120.36109924316406,CALAVERAS,UNINCORPORATED,-120.36112213134766,38.242408752441406
91501501,2021,2021-06-21,9255,2021-04-10,0345,019525,,6,3,9,0500,0,3,5,,2,004,"VALLECITO ROAD","STATE ROUTE 4",145.00,S,N,A,-,Y,,,,,,,,,,Y,1,1,0,1,A,-,01,23152,A,N,E,I,A,A,H,-,D,D,0,,,,,Y,Y,A,07,0,0,0,0,0,0,0,0,0,"- ","- ",38.078788757324219,-120.52674102783203,CALAVERAS,UNINCORPORATED,-120.53864288330078,38.068248748779297
91502113,2021,2021-06-21,9255,2021-06-13,1540,020563,,7,2,9,0500,0,3,5,,2,001,"SOUTHWORTH RD","EVERGREEN ROAD",70.00,E,N,A,-,N,,,,,,,,,,N,2,0,1,1,A,-,08,22107,,N,F,A,A,A,H,-,A,D,0,,,Y,,Y,,C,02,1,0,0,0,0,0,0,0,1,"- ","- ",38.148628234863281,-120.91290283203125,CALAVERAS,UNINCORPORATED,-120.91306304931641,38.148628234863281
91509643,2021,2021-07-01,9255,2021-06-08,2500,018363,,2,4,9,0500,0,3,5,,2,001,"JENNY LIND ROAD","MANN STREET",100.00,N,N,A,-,N,,,,,,,,,,Y,1,1,0,1,A,-,01,23152,F,N,E,I,A,A,H,-,D,A,0,,,Y,,Y,,C,02,0,0,0,0,0,0,0,1,0,"- ","- ",38.099189758300781,-120.87837219238281,CALAVERAS,UNINCORPORATED,-120.87857055664062,38.099452972412109
91516935,2021,2021-07-09,9255,2021-04-03,0230,020270,,6,3,9,0500,0,3,5,,2,002,"O'BYRNES FERRY ROAD","COSMIC COURT",980.00,S,N,A,-,N,,,,,,,,,,Y,1,1,0,1,A,-,01,23152,A,N,E,I,A,A,H,-,D,D,0,,,,,Y,Y,D,22,0,0,0,0,0,0,0,0,0,"- ","- ",37.933948516845703,-120.60340118408203,CALAVERAS,UNINCORPORATED,-120.60298919677734,37.933315277099609
91518785,2021,2021-07-13,9255,2021-07-05,1840,020563,,1,2,9,0500,0,3,5,,2,001,"DOUBLE SPRINGS RD","FREEDOM WAY",2750.00,W,N,A,-,N,,,,,,,,,,N,2,0,1,1,A,-,01,23152,A,N,E,I,A,A,H,-,A,D,0,,,,,Y,Y,D,22,1,0,0,0,0,0,0,0,0,"- ","- ",38.212661743164062,-120.77401733398438,CALAVERAS,UNINCORPORATED,,
91541283,2021,2021-08-10,9255,2021-07-27,1315,016479,,2,1,9,0500,0,1,3,,1,020,SR-49,"COSGRAVE ROAD",875.00,S,N,A,-,Y,,,49,,,,,,,Y,2,0,1,1,A,-,05,21650,,N,F,A,A,A,H,-,A,D,0,,,Y,,Y,,C,02,1,0,0,0,0,0,0,0,1,"- ","- ",38.109241485595703,-120.60028076171875,CALAVERAS,UNINCORPORATED,-120.60026550292969,38.109260559082031
91546678,2021,2021-08-17,9255,2021-08-02,1330,018894,,1,1,9,0500,0,1,3,,2,050,"STATE ROUTE 4","BEATRICE DRIVE",500.00,E,N,A,-,Y,,,4,,,,,,,Y,2,0,2,2,A,-,05,21460,A,N,A,C,A,A,H,-,A,D,0,,,,,Y,,A,01,2,0,0,0,0,0,0,0,0,"- ","- ",38.356948852539062,-120.21230316162109,CALAVERAS,UNINCORPORATED,-120.21231079101562,38.356952667236328
91570836,2021,2021-09-15,9255,2021-09-02,1630,019534,,4,2,9,0500,0,1,3,,1,010,"STATE ROUTE 12","TOLL BRIDGE RD",50.00,E,N,A,-,Y,,,12,,,,,,,Y,2,0,1,1,A,-,08,22107,,N,F,A,A,A,H,-,A,D,0,,,Y,,Y,,C,02,1,0,0,0,0,0,0,0,1,"- ","- ",38.207130432128906,-120.70912933349609,CALAVERAS,UNINCORPORATED,-120.70945739746094,38.207450866699219
91571406,2021,2021-09-15,9255,2021-09-02,0909,019640,,4,1,9,0500,0,1,3,,2,030,SR-49,"FAHILY CIRCLE",300.00,N,N,A,-,Y,,,49,,,,,,,Y,2,0,1,2,A,-,09,21801,A,N,D,C,A,A,H,-,A,D,0,,,Y,,Y,,D,22,1,0,0,0,0,0,0,0,1,"- ","- ",38.191368103027344,-120.67539978027344,CALAVERAS,UNINCORPORATED,-120.6754150390625,38.191360473632812
91574268,2021,2021-09-20,9255,2021-09-09,1800,022356,,4,2,9,0500,0,1,3,,1,020,SR-49,"RED HILL RD",1000.00,S,N,A,-,Y,,,49,,,,,,,Y,2,0,1,1,A,-,03,22350,,N,F,A,A,A,H,-,A,D,0,,,Y,,Y,,C,02,1,0,0,0,0,0,0,0,1,"- ","- ",38.034408569335938,-120.50704956054688,CALAVERAS,UNINCORPORATED,-120.50701904296875,38.034439086914062
91588186,2021,2021-10-05,9255,2021-08-21,0427,020142,,6,3,9,0500,0,1,3,,2,031,SR-26,"DEARDORFF ROAD",156.00,E,N,A,-,Y,,,26,,,,,,,Y,1,1,0,1,A,-,08,22107,,N,E,I,A,A,H,-,D,D,0,,,Y,,Y,,C,02,0,0,0,0,0,0,0,1,0,"- ","- ",38.362281799316406,-120.56342315673828,CALAVERAS,UNINCORPORATED,-120.56339263916016,38.362827301025391
91594161,2021,2021-10-12,9255,2021-10-02,1624,019996,,6,2,9,0500,0,2,4,,2,034,"RAILROAD FLAT RD","OLD EMIGRANT TRL WEST",470.00,E,N,A,-,N,,,,,,,,,,Y,2,0,3,1,A,-,08,22107,,N,E,I,A,A,H,-,A,D,0,,,,,Y,,D,22,1,2,0,0,0,0,0,0,0,"- ","- ",38.276401519775391,-120.50675201416016,CALAVERAS,UNINCORPORATED,-120.50529479980469,38.274055480957031
91606430,2021,2021-10-26,9255,2021-10-16,1655,019996,,6,2,9,0500,0,3,5,,2,001,"PATTISON ROAD","CAMANCHE PKWY S",17.00,N,N,A,-,N,,,,,,,,,,Y,2,0,4,2,A,-,09,21801,A,N,A,C,A,A,H,-,A,D,0,,,,,Y,,A,01,1,3,0,0,0,0,0,0,0,"- ","- ",38.202159881591797,-120.90515899658203,CALAVERAS,UNINCORPORATED,-120.90515899658203,38.202125549316406
91620065,2021,2021-11-09,9255,2021-11-02,2300,020142,,2,3,9,0500,0,3,5,,2,002,"CHEYENNE RD","YOLO CT",415.00,N,N,A,-,N,,,,,,,,,,Y,2,0,1,1,A,-,08,22107,,N,E,I,A,A,H,-,D,D,0,,,,,Y,,A,01,1,0,0,0,0,0,0,0,0,"- ","- ",37.951488494873047,-120.631591796875,CALAVERAS,UNINCORPORATED,-120.63166809082031,37.951423645019531
91647919,2021,2021-12-09,9255,2021-11-29,2025,019996,,1,2,9,0500,0,1,3,,1,021,SR-4,"BONANZA MINE WAY",1770.00,W,N,A,-,Y,,,4,,,,,,,Y,2,0,2,2,A,-,01,23152,A,N,A,C,A,A,H,-,D,D,0,,,,,Y,Y,D,22,1,1,0,0,0,0,0,0,0,"- ","- ",38.013160705566406,-120.64476776123047,CALAVERAS,UNINCORPORATED,-120.644775390625,38.013160705566406
91650185,2021,2021-12-13,9255,2021-12-01,1733,019246,,3,2,9,0500,0,3,5,,2,001,"GARNER PL","FRIEDMAN WAY",235.00,N,N,A,-,N,,,,,,,,,,N,2,0,1,2,A,-,11,21956,A,N,G,B,E,A,H,-,D,D,0,Y,,,,Y,,N,60,1,0,0,0,1,0,0,0,0,"- ","- ",38.125659942626953,-120.86723327636719,CALAVERAS,UNINCORPORATED,-120.8739013671875,38.130184173583984
91650461,2021,2021-12-13,9255,2021-12-06,2030,020142,,1,2,9,0500,0,1,3,,1,011,SR-26,"WHITE ROAD",230.00,E,N,B,C,Y,,,26,,,,,,,N,2,0,1,2,A,-,08,22107,,F,G,B,E,B,H,-,D,D,0,Y,,,,Y,Y,-,99,1,0,0,0,1,0,0,0,0,"- ","- ",38.144748687744141,-120.86192321777344,CALAVERAS,UNINCORPORATED,-120.86196899414062,38.144783020019531
91695801,2022,2022-02-08,9255,2022-01-30,1940,020563,,7,2,9,0500,0,1,3,,2,030,SR-49,SR-12,76.00,S,N,A,-,Y,CAL,,49,,R,20.507,H,,R,Y,2,0,1,1,A,-,01,23152,A,N,E,8,A,A,H,-,C,A,0,,,,,Y,Y,A,01,1,0,0,0,0,0,0,0,0,"- ","- ",38.205009460449219,-120.69734954833984,CALAVERAS,UNINCORPORATED,-120.69731903076172,38.205001831054688
91727956,2022,2022-03-21,9255,2022-03-13,1305,018318,,7,1,9,0500,0,3,5,,2,001,"STABULIS ROAD","GARNER PL",1056.00,E,N,A,-,N,,,,,,,,,,N,2,0,1,1,A,-,08,22107,,N,F,A,A,A,H,-,A,D,0,,,Y,,Y,,C,02,1,0,0,0,0,0,0,0,1,"- ","- ",38.125251770019531,-120.86147308349609,CALAVERAS,UNINCORPORATED,-120.86105346679688,38.122112274169922
91731211,2022,2022-03-24,9255,2022-03-14,1510,018894,,1,2,9,0500,0,3,5,,2,005,"GREENSBORO WAY","DEL RIO DRIVE",241.00,E,N,A,-,N,,,,,,,,,,N,2,0,1,2,A,-,03,22350,,N,C,C,A,A,H,-,A,D,0,,,,,Y,,A,07,1,0,0,0,0,0,0,0,0,"- ","- ",38.262840270996094,-120.32624053955078,CALAVERAS,UNINCORPORATED,-120.32621765136719,38.262844085693359
91733804,2022,2022-03-25,9255,2022-03-14,1145,019640,,1,1,9,0500,0,1,3,,1,010,SR-12,"SAWMILL STREET",95.00,W,N,A,-,Y,CAL,,12,,,0.834,H,,R,Y,2,0,2,3,A,-,05,21460,A,N,B,C,A,A,H,-,A,D,0,,,Y,,Y,,C,02,1,1,0,0,0,0,0,0,2,"- ","- ",38.195060729980469,-120.97904205322266,CALAVERAS,UNINCORPORATED,-120.97903442382812,38.195064544677734
91749676,2022,2022-04-18,9255,2022-04-07,1950,019534,,4,2,9,0500,0,3,5,,2,003,"RIDGE RD","RAJEN RD",500.00,E,N,A,-,N,,,,,,,,,,Y,2,0,1,1,A,-,01,23152,A,N,E,I,A,A,H,-,D,D,0,,,,,Y,Y,D,22,1,0,0,0,0,0,0,0,0,"- ","- ",38.336898803710938,-120.53816986083984,CALAVERAS,UNINCORPORATED,-120.53822326660156,38.336845397949219
91750157,2022,2022-04-18,9255,2022-01-26,1300,019534,,3,1,9,0500,0,1,3,,2,030,"STATE ROUTE 49","BIG BAR LAUNCH",250.00,S,N,A,-,Y,CAL,,49,,,30.590,H,,R,Y,1,1,0,1,A,-,08,22107,,N,E,I,A,A,H,-,A,D,0,,,,Y,Y,,F,24,0,0,0,0,0,0,0,0,0,"- ","- ",38.309291839599609,-120.72273254394531,CALAVERAS,UNINCORPORATED,-120.72275543212891,38.309310913085938
91752604,2022,2022-04-20,9255,2022-04-10,1215,019525,,7,1,9,0500,0,1,3,,2,031,SR-26,"GILLHAVEN ROAD",2640.00,E,N,B,-,Y,CAL,,26,,,21.825,H,,R,Y,2,0,1,1,A,-,08,22107,,N,E,I,A,A,H,-,A,D,0,,,Y,,Y,,C,02,1,0,0,0,0,0,0,0,1,"- ","- ",38.317478179931641,-120.65277099609375,CALAVERAS,UNINCORPORATED,-120.65269470214844,38.317466735839844
91773244,2022,2024-01-30,9255,2022-04-30,1135,019525,,6,1,9,0500,0,1,3,,2,031,SR-26,"BARNEY WAY",0.00,,Y,A,-,Y,CAL,,26,,R,33.663,H,,R,Y,2,0,1,2,A,-,05,21752,D,M,B,C,A,A,H,-,A,D,0,,,Y,,Y,,C,02,1,0,0,0,0,0,0,0,1,"- ","- ",38.389591217041016,-120.52584075927734,CALAVERAS,UNINCORPORATED,-120.52582550048828,38.389575958251953
91790063,2022,2022-06-07,9255,2022-05-22,1300,018894,,7,1,9,0500,0,1,A,,2,730,"2465 GUN CLUB ROAD","GUN CLUB ROAD",1000.00,S,N,A,-,N,,,,,,,,,,N,2,0,4,5,B,-,22,,,N,G,B,F,A,H,-,A,D,0,Y,,,,Y,,M,96,1,1,2,0,4,0,0,0,0,"- ","- ",38.047271728515625,-120.52108764648438,CALAVERAS,UNINCORPORATED,,
91790101,2022,2022-06-07,9255,2022-05-30,1440,018894,,1,2,9,0500,0,1,3,,2,050,"STATE ROUTE 4","WILLOW STREET",0.00,,Y,A,-,Y,CAL,,4,,,41.323,H,,R,Y,2,0,2,2,A,-,09,21801,A,N,D,C,A,A,H,-,A,A,0,,,,,Y,,A,01,1,1,0,0,0,0,0,0,0,"- ","- ",38.255001068115234,-120.35254669189453,CALAVERAS,UNINCORPORATED,-120.35250854492188,38.254936218261719
91803797,2022,2022-06-27,9255,2022-06-18,1535,019996,,6,2,9,0500,0,1,3,,1,021,SR-4,"POOL STATION",700.00,E,N,A,-,Y,CAL,,4,,,14.871,H,,R,Y,2,0,3,3,A,-,05,21460,A,N,A,C,A,A,H,-,A,D,0,,,Y,,Y,,C,02,3,0,0,0,0,0,0,0,3,"- ","- ",38.04656982421875,-120.64665985107422,CALAVERAS,UNINCORPORATED,-120.64664459228516,38.046562194824219
91805328,2022,2022-09-29,9255,2022-05-22,1715,018894,,7,2,9,0500,0,1,3,,2,040,"STATE ROUTE 4","NORTHWOOD DR",1350.00,W,N,A,-,Y,CAL,,4,,,34.126,H,,R,Y,1,1,0,1,A,-,01,23152,F,N,E,I,A,A,H,-,A,D,0,,,Y,,Y,,C,02,0,0,0,0,0,0,0,1,0,"- ","- ",38.173191070556641,-120.39671325683594,CALAVERAS,UNINCORPORATED,-120.39671325683594,38.173198699951172
91812393,2022,2022-07-11,9255,2022-06-28,1230,018894,,2,1,9,0500,0,3,5,,2,005,"USFS ROAD 7N08","USFS ROAD 5N56",232.00,E,N,A,-,N,,,,,,,,,,N,2,0,1,2,C,-,18,,,N,E,I,E,A,H,-,A,D,0,Y,,,,Y,,-,"- ",1,0,0,0,1,0,0,0,0,"- ","- ",38.268608093261719,-120.34532165527344,CALAVERAS,UNINCORPORATED,,
91824514,2022,2022-07-25,9255,2022-07-20,1650,018492,,3,2,9,0500,0,1,3,,2,050,SR-4,"GOLDEN TORCH DR",528.00,W,N,A,-,Y,CAL,,4,,,46.413,H,,R,Y,2,0,1,1,A,-,08,22107,,N,E,I,A,A,H,-,A,D,0,,,Y,,Y,,C,02,1,0,0,0,0,0,0,0,1,"- ","- ",38.294231414794922,-120.28640747070312,CALAVERAS,UNINCORPORATED,-120.28645324707031,38.294242858886719
91825930,2022,2022-07-27,9255,2022-07-12,1645,019246,,2,2,9,0500,0,2,4,,1,022,SR-26,"STORMY LANE",1320.00,E,N,A,-,Y,CAL,,26,,,26.336,H,,R,Y,2,0,2,1,A,-,08,22107,,N,E,I,A,A,H,-,A,D,0,,,,,Y,,D,22,2,0,0,0,0,0,0,0,0,"- ","- ",38.341270446777344,-120.58731079101562,CALAVERAS,UNINCORPORATED,-120.58738708496094,38.341350555419922
91835139,2022,2022-08-08,9255,2022-07-30,0020,019246,,6,3,9,0500,0,3,5,,2,003,"MICHEL RD","OLD GULCH RD",1056.00,W,N,A,-,N,,,,,,,,,,Y,2,0,1,1,A,-,08,22107,,N,E,I,A,A,H,-,D,D,0,,,,,Y,,A,01,1,0,0,0,0,0,0,0,0,"- ","- ",38.194999694824219,-120.57521820068359,CALAVERAS,UNINCORPORATED,-120.57363891601562,38.194847106933594
91837975,2022,2022-08-11,9255,2022-07-30,1430,018492,,6,2,9,0500,0,3,5,,2,005,"WINTON RD",FR-7N28,2112.00,E,N,B,-,N,,,,,,,,,,Y,2,0,1,1,A,-,03,22350,,N,H,H,A,A,H,-,A,D,0,,,Y,,Y,,C,02,1,0,0,0,0,0,0,0,1,"- ","- ",38.440788269042969,-120.35597991943359,CALAVERAS,UNINCORPORATED,-120.35678863525391,38.44061279296875
91838449,2022,2022-08-11,9255,2022-08-05,1138,019996,,5,1,9,0500,0,1,3,,1,010,SR-12,"CHESTNUT ST",450.00,E,N,A,-,Y,,,,,,,,,,Y,2,0,2,2,A,-,09,21801,A,N,D,C,A,A,H,-,A,D,0,,,Y,,Y,,D,22,2,0,0,0,0,0,0,0,2,"- ","- ",38.195510864257812,-120.82634735107422,CALAVERAS,UNINCORPORATED,-120.82651519775391,38.192478179931641
91846812,2022,2022-08-23,9255,2022-03-06,1826,018492,,7,2,9,0500,0,1,3,,2,040,SR-4,"MAIN STREET",440.00,W,N,A,-,Y,CAL,,4,,,25.781,H,,R,Y,1,1,1,2,A,-,01,23152,A,N,A,C,A,A,H,-,B,D,0,,,Y,,Y,Y,C,02,0,1,0,0,0,0,0,1,0,"- ","- ",38.091018676757812,-120.47357940673828,CALAVERAS,UNINCORPORATED,-120.47357177734375,38.091011047363281
91856187,2022,2022-09-29,9255,2022-07-23,0115,020563,,6,3,9,0500,0,3,5,,2,004,"FRENCH GULCH ROAD","MURPHYS GRADE ROAD",2640.00,W,N,A,-,N,,,,,,,,,,Y,1,1,0,1,A,-,01,23152,A,N,E,I,A,A,H,-,D,D,0,,,,,Y,Y,A,01,0,0,0,0,0,0,0,0,0,"- ","- ",38.139278411865234,-120.47637176513672,CALAVERAS,UNINCORPORATED,-120.52102661132812,38.112117767333984
91882698,2022,2022-10-05,9255,2022-09-23,1240,017324,,5,1,9,0500,0,1,3,,1,021,"STATE ROUTE 4","POOL STATION ROAD",528.00,E,N,A,-,Y,CAL,,4,,,14.861,H,,R,N,2,0,1,2,A,-,03,22350,,N,B,C,A,A,D,-,A,D,0,,,Y,,Y,,C,02,1,0,0,0,0,0,0,0,1,"- ","- ",38.046459197998047,-120.64678955078125,CALAVERAS,UNINCORPORATED,-120.646728515625,38.046440124511719
91883778,2022,2022-10-06,9255,2022-09-28,1930,019643,,3,2,9,0500,0,3,5,,2,001,"BALDWIN ST",SR-26,528.00,S,N,A,-,N,,,,,,,,,,N,2,0,1,1,A,-,03,22350,,N,E,J,A,A,H,-,D,D,0,,Y,,,Y,,M,91,1,0,0,0,0,0,1,0,0,"- ","- ",38.140628814697266,-120.86306762695312,CALAVERAS,UNINCORPORATED,-120.86263275146484,38.140541076660156
91911159,2022,2022-11-07,9255,2022-10-26,1800,019534,,3,2,9,0500,0,3,5,,2,001,"JENNY LIND RD","KIRBY ST",665.00,S,N,A,-,N,,,,,,,,,,Y,2,0,2,2,A,-,08,22107,,N,D,C,A,A,H,-,D,D,0,,,Y,,Y,,C,02,1,0,1,0,0,0,0,0,1,"- ","- ",38.109371185302734,-120.87934875488281,CALAVERAS,UNINCORPORATED,-120.87934875488281,38.109325408935547