CASE_ID,ACCIDENT_YEAR,PROC_DATE,JURIS,COLLISION_DATE,COLLISION_TIME,OFFICER_ID,REPORTING_DISTRICT,DAY_OF_WEEK,CHP_SHIFT,POPULATION,CNTY_CITY_LOC,SPECIAL_COND,BEAT_TYPE,CHP_BEAT_TYPE,CITY_DIVISION_LAPD,CHP_BEAT_CLASS,BEAT_NUMBER,PRIMARY_RD,SECONDARY_RD,DISTANCE,DIRECTION,INTERSECTION,WEATHER_1,WEATHER_2,STATE_HWY_IND,CALTRANS_COUNTY,CALTRANS_DISTRICT,STATE_ROUTE,ROUTE_SUFFIX,POSTMILE_PREFIX,POSTMILE,LOCATION_TYPE,RAMP_INTERSECTION,SIDE_OF_HWY,TOW_AWAY,COLLISION_SEVERITY,NUMBER_KILLED,NUMBER_INJURED,PARTY_COUNT,PRIMARY_COLL_FACTOR,PCF_CODE_OF_VIOL,PCF_VIOL_CATEGORY,PCF_VIOLATION,PCF_VIOL_SUBSECTION,HIT_AND_RUN,TYPE_OF_COLLISION,MVIW,PED_ACTION,ROAD_SURFACE,ROAD_COND_1,ROAD_COND_2,LIGHTING,CONTROL_DEVICE,CHP_ROAD_TYPE,PEDESTRIAN_ACCIDENT,BICYCLE_ACCIDENT,MOTORCYCLE_ACCIDENT,TRUCK_ACCIDENT,NOT_PRIVATE_PROPERTY,ALCOHOL_INVOLVED,STWD_VEHTYPE_AT_FAULT,CHP_VEHTYPE_AT_FAULT,COUNT_SEVERE_INJ,COUNT_VISIBLE_INJ,COUNT_COMPLAINT_PAIN,COUNT_PED_KILLED,COUNT_PED_INJURED,COUNT_BICYCLIST_KILLED,COUNT_BICYCLIST_INJURED,COUNT_MC_KILLED,COUNT_MC_INJURED,PRIMARY_RAMP,SECONDARY_RAMP,LATITUDE,LONGITUDE,COUNTY,CITY,POINT_X,POINT_Y
91917545,2022,2022-12-28,9255,2022-07-01,2500,019534,,5,4,9,0500,0,1,3,,1,020,"STATE ROUTE 49","REDHILL ROAD",2640.00,S,N,A,-,Y,CAL,,49,,,2.872,H,,R,Y,1,1,0,1,A,-,01,23152,G,N,E,I,A,A,H,-,D,D,0,,,,,Y,Y,D,22,0,0,0,0,0,0,0,0,0,"- ","- ",38.022941589355469,-120.51323699951172,CALAVERAS,UNINCORPORATED,-120.51305389404297,38.023021697998047
91918141,2022,2022-11-15,9255,2022-11-09,1220,017123,,3,1,9,0500,0,3,5,,2,001,"HILLVALE DR","HUMMINGBIRD LN",528.00,W,N,B,-,N,,,,,,,,,,N,2,0,1,1,A,-,13,22515,A,N,H,A,A,A,H,-,A,D,0,,,,,Y,,D,22,1,0,0,0,0,0,0,0,0,"- ","- ",38.153011322021484,-120.88442993164062,CALAVERAS,UNINCORPORATED,-120.88384246826172,38.153148651123047
91937781,2022,2022-12-08,9255,2022-11-28,1114,019643,,1,1,9,0500,0,1,3,,2,031,SR-26,"SPORT HILL RD",293.00,E,N,A,-,Y,CAL,,26,,,19.171,H,,R,Y,2,0,2,1,A,-,08,22107,,N,E,I,A,A,H,-,A,D,0,,,,,Y,,D,22,2,0,0,0,0,0,0,0,0,"- ","- ",38.300930023193359,-120.69039154052734,CALAVERAS,UNINCORPORATED,-120.69039154052734,38.300926208496094
91941484,2022,2022-12-14,9255,2022-11-29,1430,019246,,2,2,9,0500,0,1,3,,1,010,SR-12,"BURSON ROAD",0.00,,Y,A,-,Y,CAL,,12,,,6.300,H,,R,Y,2,0,2,2,A,-,09,21802,A,N,D,C,A,A,H,-,A,A,0,,,,,Y,,A,01,1,0,1,0,0,0,0,0,0,"- ","- ",38.183559417724609,-120.89042663574219,CALAVERAS,UNINCORPORATED,-120.89042663574219,38.183544158935547
91942602,2022,2023-12-04,9255,2022-11-09,2500,017123,,3,4,9,0500,0,1,3,,2,030,"STATE ROUTE 49","FOURTH CROSSING ROAD",1056.00,N,N,B,-,Y,CAL,,49,,,14.422,H,,R,Y,1,1,0,1,A,-,01,23152,B,N,E,I,A,B,H,-,D,D,0,,,,,Y,Y,A,07,0,0,0,0,0,0,0,0,0,"- ","- ",38.135879516601562,-120.63542175292969,CALAVERAS,UNINCORPORATED,-120.63533782958984,38.135871887207031
91948014,2022,2022-12-21,9255,2022-05-31,0110,019246,,2,3,9,0500,0,1,3,,2,040,SR-4,"HORSESHOE DR",0.00,,Y,A,-,Y,CAL,,4,,,36.007,H,,R,Y,1,1,0,1,A,-,08,22107,,N,E,I,A,A,H,-,D,D,0,,,,,Y,,A,07,0,0,0,0,0,0,0,0,0,"- ","- ",38.186588287353516,-120.3692626953125,CALAVERAS,UNINCORPORATED,-120.36931610107422,38.186687469482422
91956813,2022,2022-12-30,9255,2022-12-23,2054,019640,,5,2,9,0500,0,1,3,,2,040,SR-4,"SILVER DAWN RANCH ROAD",580.00,W,N,A,-,Y,CAL,,4,,,31.871,H,,R,Y,2,0,1,1,A,-,01,23152,A,N,E,I,A,A,H,-,D,D,0,,,,,Y,Y,A,07,1,0,0,0,0,0,0,0,0,"- ","- ",38.164150238037109,-120.43475341796875,CALAVERAS,UNINCORPORATED,-120.43474578857422,38.164093017578125
91963177,2022,2023-12-04,9255,2022-10-28,1440,019534,,5,2,9,0500,0,1,3,,2,031,"STATE ROUTE 26","EALEY ROAD",422.00,E,N,A,-,Y,CAL,,26,,,28.084,H,,R,Y,1,1,0,1,A,-,08,22107,,N,E,I,A,A,H,-,A,D,0,,,,,Y,,D,22,0,0,0,0,0,0,0,0,0,"- ","- ",38.358211517333984,-120.57264709472656,CALAVERAS,UNINCORPORATED,-120.57261657714844,38.358192443847656
91983914,2023,2023-02-01,9255,2023-01-28,"205 ",020142,,6,3,9,0500,0,1,3,,1,010,SR-12,"DOUBLE SPRINGS ROAD (LOWER)",1584.00,W,N,A,-,Y,CAL,,12," "," ",12.757,H,,R,Y,2,0,2,1,A,-,08,22107,,N,E,I,A,A,H,-,D,D,0,,,,,Y,,D,22,1,0,1,0,0,0,0,0,0,"- ","- ",38.209041595458984,-120.78491973876953,CALAVERAS,UNINCORPORATED,-120.78489685058594,38.208984375
92001645,2023,2023-12-04,9255,2023-01-23,"415 ",020563,,1,3,9,0500,0,3,5,,2,003,"GOLD STRIKE ROAD","GOLD STRIKE WAY",1530.00,S,N,A,-,N,,,,,,,,,,Y,1,1,0,1,A,-,01,23152,B,N,E,I,A,C,H,-,D,D,0,,,,,Y,Y,A,01,0,0,0,0,0,0,0,0,0,"- ","- ",38.202289581298828,-120.67902374267578,CALAVERAS,UNINCORPORATED,-120.67913055419922,38.202430725097656
92007913,2023,2023-03-02,9255,2023-02-20,1510,019534,,1,2,9,0500,0,3,5,,2,001,"BURSON RD","STATE ROUTE 12",2640.00,S,N,A,-,N,,,,,,,,,,Y,2,0,1,1,A,-,08,22107,,N,F,A,A,A,H,-,A,D,0,,,Y,,Y,,C,02,1,0,0,0,0,0,0,0,1,"- ","- ",38.174121856689453,-120.89054107666016,CALAVERAS,UNINCORPORATED,-120.89073181152344,38.176315307617188
92019826,2023,2023-03-16,9255,2023-03-08,"730 ",016918,,3,1,9,0500,0,1,3,,2,031,SR-26,"HIGDON RD",3168.00,E,N,B,D,Y,CAL,,26," "," ",37.536,H,,R,Y,2,0,1,1,A,-,03,22350,,N,F,A,A,C,H,-,A,D,0,,,,,Y,,D,22,1,0,0,0,0,0,0,0,0,"- ","- ",38.416110992431641,-120.55062866210938,CALAVERAS,UNINCORPORATED,-120.55061340332031,38.416110992431641
92029673,2023,2023-03-27,9255,2023-03-26,1258,017286,,7,1,9,0500,0,2,4,,2,034,"MURPHYS GRADE ROAD","FRENCH GULCH ROAD (S)",2640.00,W,N,A,-,N,,,,,,,,,,Y,2,0,2,1,A,-,08,22107,,N,E,I,A,A,H,-,A,D,0,,,Y,,Y,,C,03,2,0,0,0,0,0,0,0,2,"- ","- ",38.133720397949219,-120.47670745849609,CALAVERAS,UNINCORPORATED,-120.52566528320312,38.100448608398438
92037854,2023,2023-04-05,9255,2023-03-26,1800,019885,,7,2,9,0500,0,2,4,,2,034,"MOUNTAIN RANCH RD","COACHMAN WAY",2892.00,S,N,A,-,N,,,,,,,,,,N,2,0,1,2,A,-,05,21460,A,N,B,C,A,A,H,-,A,D,0,,,Y,,Y,,C,02,1,0,0,0,0,0,0,0,1,"- ","- ",38.209259033203125,-120.56494903564453,CALAVERAS,UNINCORPORATED,-120.566650390625,38.208160400390625
92053792,2023,2023-04-26,9255,2023-04-11,1530,019246,,2,2,9,0500,0,1,3,,1,011,SR-26,"FARRIS DR",1056.00,W,N,A,-,Y,CAL,,26," "," ",6.879,H,,R,Y,2,0,1,1,A,-,08,22107,,N,E,I,A,A,H,-,A,D,0,,,,,Y,,-,"- ",1,0,0,0,0,0,0,0,0,"- ","- ",38.152408599853516,-120.85604095458984,CALAVERAS,UNINCORPORATED,-120.85604858398438,38.152416229248047
92057071,2022,2023-04-28,9255,2022-11-30,1430,019246,,3,2,9,0500,0,2,4,,2,034,"RAILROAD FLAT RD","LOMA SERENA RD",160.00,N,N,A,-,N,,,,,,,,,,Y,1,1,0,1,A,-,08,22107,,N,E,I,A,A,H,-,A,D,0,,,,,Y,Y,A,01,0,0,0,0,0,0,0,0,0,"- ","- ",38.271728515625,-120.50460052490234,CALAVERAS,UNINCORPORATED,-120.50453186035156,38.271636962890625
92060634,2022,2023-05-03,9255,2022-12-11,1245,019534,,7,1,9,0500,0,2,4,,2,034,"RAILROAD FLAT RD","SHEEP RANCH RD",650.00,N,N,C,F,N,,,,,,,,,,Y,1,1,1,1,A,-,08,22107,,N,F,0,A,C,H,-,A,D,0,,,,,Y,,A,01,1,0,0,0,0,0,0,0,0,"- ","- ",38.244789123535156,-120.51746368408203,CALAVERAS,UNINCORPORATED,-120.51741027832031,38.244911193847656
92070298,2023,2023-07-17,9255,2023-04-22,1127,017286,,6,1,9,0500,0,1,3,,1,010,SR-12,"SOUTHWORTH RD",0.00,,Y,A,-,Y,CAL,,12," "," ",2.451,H,,R,Y,1,1,1,2,A,-,05,21752,D,N,D,C,A,A,H,-,A,D,0,,,Y,,Y,,C,02,1,0,0,0,0,0,0,1,0,"- ","- ",38.179729461669922,-120.95958709716797,CALAVERAS,UNINCORPORATED,-120.95956420898438,38.179779052734375
92075108,2023,2023-05-23,9255,2023-05-13,2010,022429,,6,2,9,0500,0,3,5,,2,005,"SR-4 E/B","RED TAIL HAWK ROAD",1250.00,W,N,A,-,Y,CAL,,4," "," ",38.428,H,,R,Y,2,0,2,1,A,-,01,23152,A,N,E,I,A,A,H,-,B,D,0,,,Y,,Y,Y,C,02,2,0,0,0,0,0,0,0,2,"- ","- ",38.217941284179688,-120.37107849121094,CALAVERAS,UNINCORPORATED,-120.37101745605469,38.217926025390625
92093334,2023,2023-06-14,9255,2023-05-21,1440,017537,,7,2,9,0500,0,2,4,,1,041,"MURPHYS GRADE RD","FRENCH GULCH RD (UPPER)",5280.00,W,N,A,-,N,,,,,,,,,,N,2,0,1,1,A,-,01,23152,A,N,E,I,A,A,H,-,A,A,0,,,Y,,Y,Y,C,02,1,0,0,0,0,0,0,0,1,"- ","- ",38.131580352783203,-120.48317718505859,CALAVERAS,UNINCORPORATED,-120.53183746337891,38.095207214355469
92109315,2023,2023-07-04,9255,2023-06-25,1715,019534,,7,2,9,0500,0,3,5,,2,003,"W MURRAY CREEK RD","ANDREAS VISTA DR",2640.00,E,N,A,-,N,,,,,,,,,,Y,2,0,3,1,A,-,08,22107,,F,E,I,A,A,H,-,A,D,0,,,,,Y,,A,07,1,2,0,0,0,0,0,0,0,"- ","- ",38.20172119140625,-120.65184783935547,CALAVERAS,UNINCORPORATED,-120.64762878417969,38.203079223632812
92119190,2023,2023-07-17,9255,2023-07-13,1744,021793,,4,2,9,0500,0,3,5,,2,001,"DUNN RD","SILVER RAPIDS RD",1670.00,W,N,A,-,N,,,,,,,,,,N,2,0,1,1,A,-,08,22107,,N,F,A,A,A,H,-,A,D,0,,,Y,,Y,,C,06,1,0,0,0,0,0,0,0,1,"- ","- ",38.155658721923828,-120.84973907470703,CALAVERAS,UNINCORPORATED,-120.84979248046875,38.1556396484375
92136094,2023,2023-08-04,9255,2023-07-25,1620,020142,,2,2,9,0500,0,3,5,,2,002,"CONCHO ST","ROMEL ST",25.00,E,N,A,-,N,,,,,,,,,,N,2,0,1,1,A,-,08,22107,,N,F,A,A,A,H,-,A,D,0,,,Y,,Y,,C,06,1,0,0,0,0,0,0,0,1,"- ","- ",38.123779296875,-120.69116973876953,CALAVERAS,UNINCORPORATED,-120.69114685058594,38.123729705810547
92154226,2023,2023-08-25,9255,2023-08-19,1520,020142,,6,2,9,0500,0,1,3,,2,030,SR-49,"GOLD RUSH LANE",1584.00,N,N,A,-,Y,CAL,,49," "," ",29.540,H,,R,Y,2,0,2,1,C,-,18,,,N,F,A,A,A,H,-,A,D,0,,,Y,,Y,,-,"- ",2,0,0,0,0,0,0,0,2,"- ","- ",38.300708770751953,-120.73136901855469,CALAVERAS,UNINCORPORATED,-120.73140716552734,38.300739288330078
92176484,2023,2024-10-29,9255,2023-07-20,1528,017537,,4,2,9,0500,0,2,4,,1,041,SR-4,"UTICA POWER HOUSE RD",325.00,E,N,A,-,Y,CAL,,4," "," ",30.373,H,,R,Y,1,1,6,2,A,-,08,22107,,N,A,C,A,A,H,-,A,D,0,,,,,Y,,A,01,2,0,4,0,0,0,0,0,0,"- ","- ",38.147628784179688,-120.44702911376953,CALAVERAS,UNINCORPORATED,-120.44696807861328,38.147586822509766
92181255,2023,2023-09-27,9255,2023-09-20,1850,017324,,3,2,9,0500,0,1,3,,1,020,"STATE ROUTE 49","GUN CLUB ROAD",1056.00,N,N,A,-,Y,CAL,,49," "," ",6.184,H,,R,Y,2,0,1,1,A,-,03,22350,,N,E,I,A,A,H,-,B,D,0,,,Y,,Y,,C,02,1,0,0,0,0,0,0,0,1,"- ","- ",38.054378509521484,-120.53456115722656,CALAVERAS,UNINCORPORATED,-120.53451538085938,38.054412841796875
92206383,2023,2023-10-23,9255,2023-10-16,1520,020142,,1,2,9,0500,0,1,3,,2,040,SR4,"AVERY SHEEP RANCH ROAD",0.00,,Y,A,-,Y,CAL,,4," "," ",37.484,H,,R,Y,2,0,1,5,A,-,09,21802,A,N,C,2,A,A,H,-,A,A,0,,,,,Y,,A,07,1,0,0,0,0,0,0,0,0,"- ","- ",38.204841613769531,-120.36959075927734,CALAVERAS,UNINCORPORATED,-120.3695068359375,38.204822540283203
92227529,2023,2023-11-03,9255,2023-10-27,1708,020142,,5,2,9,0500,0,1,3,,2,040,SR4,"STRAWBERRY HILL RD",1584.00,W,N,A,-,Y,CAL,,4," "," ",32.548,H,,R,Y,2,0,1,1,A,-,01,23152,A,N,E,I,A,A,H,-,A,D,0,,,Y,,Y,Y,C,02,1,0,0,0,0,0,0,0,1,"- ","- ",38.165111541748047,-120.42240142822266,CALAVERAS,UNINCORPORATED,-120.42240905761719,38.165126800537109
92232458,2023,2023-11-09,9255,2023-11-06,1417,017537,,1,2,9,0500,0,1,3,,2,040,SR-4,"UTICA POWER HOUSE RD",120.00,W,N,B,-,Y,CAL,,4," "," ",30.239,H,,R,Y,2,0,2,2,A,-,01,23152,A,N,B,C,A,A,H,-,A,D,0,,,,,Y,Y,D,22,1,1,0,0,0,0,0,0,0,"- ","- ",38.146369934082031,-120.44882965087891,CALAVERAS,UNINCORPORATED,-120.44880676269531,38.146347045898438
92279303,2023,2024-01-04,9255,2023-12-21,"715 ",022429,,4,1,9,0500,0,3,5,,2,005,SR-4,"GANNS MEADOW DRIVE",3062.00,W,N,A,-,Y,CAL,,4," ",R,57.346,H,,R,N,2,0,1,1,A,-,03,22350,,N,E,I,A,C,H,-,A,D,0,,,,,Y,,A,01,1,0,0,0,0,0,0,0,0,"- ","- ",38.397869110107422,-120.16742706298828,CALAVERAS,UNINCORPORATED,-120.16738891601562,38.397819519042969
92281529,2023,2024-01-08,9255,2023-12-27,1455,022429,,3,2,9,0500,0,3,5,,2,005,"PINE DRIVE",SR-4,550.00,N,N,A,-,N,,,,,,,,,,N,2,0,1,2,A,-,03,22350,,N,A,G,A,D,H,-,A,D,0,,Y,,,Y,,L,04,1,0,0,0,0,0,1,0,0,"- ","- ",38.252429962158203,-120.35890197753906,CALAVERAS,UNINCORPORATED,-120.35690307617188,38.253513336181641
92283057,2023,2024-01-25,9255,2023-11-16,2000,019885,,4,2,9,0500,0,3,5,,2,003,"WINTON RD","LILY GAP RD",575.00,W,N,B,-,N,,,,,,,,,,Y,1,1,0,1,A,-,01,23152,A,N,E,I,A,B,H,-,D,D,0,,,,,Y,Y,D,22,0,0,0,0,0,0,0,0,0,"- ","- ",38.433010101318359,-120.46141815185547,CALAVERAS,UNINCORPORATED,-120.49832153320312,38.41253662109375
92302854,2024,2024-02-01,9255,2024-01-25,1330,018318,,4,1,9,0500,0,3,5,,2,003,"RAILROAD FLAT RD","RIDGE ROAD",131.00,W,N,A,-,N,,,,,,,,,,N,2,0,1,1,A,-,08,22107,,N,E,I,A,A,H,-,A,D,0,,,,,Y,,D,22,1,0,0,0,0,0,0,0,0,"- ","- ",38.333408355712891,-120.51975250244141,CALAVERAS,UNINCORPORATED,-120.52001953125,38.333629608154297
92318657,2024,2024-02-20,9255,2024-02-13,1706,020214,,2,2,9,0500,0,3,5,,2,002,"LITTLE JOHN RD","KIVA DR",294.00,S,N,A,-,N,,,,,,,,,,Y,2,0,1,1,A,-,03,22350,,N,F,A,A,A,H,-,A,D,0,,,Y,,Y,,C,02,1,0,0,0,0,0,0,0,1,"- ","- ",37.907569885253906,-120.61353302001953,CALAVERAS,UNINCORPORATED,-120.61357879638672,37.907711029052734
92325680,2023,2024-02-28,9255,2023-11-29,1442,019885,,3,2,9,0500,0,1,3,,1,011,SR-26,"SHELTON RD",1889.00,W,N,A,-,Y,CAL,,26," ",R,0.563,H,,R,Y,1,1,1,2,A,-,06,21751,,N,A,C,A,A,H,-,A,D,0,,,,,Y,,D,22,1,0,0,0,0,0,0,0,0,"- ","- ",38.099971771240234,-120.932861328125,CALAVERAS,UNINCORPORATED,-120.93288421630859,38.100009918212891
92364780,2024,2024-04-15,9255,2024-02-07,"325 ",019885,,3,3,9,0500,0,1,3,,1,011,SR-26,"VISTA DEL LAGO DR",370.00,E,N,A,-,Y,CAL,,26," "," ",8.494,H,,R,N,1,1,0,2,A,-,11,21954,A,N,G,B,E,A,H,-,D,D,0,Y,,,,Y,,N,60,0,0,0,1,0,0,0,0,0,"- ","- ",38.169609069824219,-120.83824157714844,CALAVERAS,UNINCORPORATED,-120.83826446533203,38.169620513916016
92383617,2024,2024-10-29,9255,2024-03-18,1500,019885,,1,2,9,0500,0,1,3,,2,031,SR-26,"RABBIT'S FOOT RD",253.00,W,N,A,-,Y,CAL,,26," "," ",31.352,H,,R,Y,1,2,0,2,A,-,08,22107,,N,F,0,A,A,H,-,A,D,0,,,Y,,Y,,C,02,0,0,0,0,0,0,0,2,0,"- ","- ",38.376888275146484,-120.55583953857422,CALAVERAS,UNINCORPORATED,-120.55583953857422,38.376895904541016
92393864,2024,2024-07-15,9255,2024-05-03,2040,021319,,5,2,9,0500,0,1,3,,1,011,SR-26,"GARDNER LN",0.00,,Y,A,-,Y,CAL,,26," "," ",5.041,H,,R,N,2,0,1,2,A,-,01,23152,A,N,D,C,A,A,H,-,D,A,0,,,Y,,Y,Y,C,02,1,0,0,0,0,0,0,0,1,"- ","- ",38.130210876464844,-120.87407684326172,CALAVERAS,UNINCORPORATED,-120.87409210205078,38.130214691162109
92404203,2024,2024-06-03,9255,2024-05-18,2020,020563,,6,2,9,0500,0,1,3,,2,040,SR-4,"UPPER MORAN RD",3100.00,E,N,A,-,Y,CAL,,4," "," ",43.300,H,,R,Y,2,0,2,1,A,-,01,23152,A,N,F,A,A,A,H,-,D,D,0,,,Y,,Y,Y,C,02,1,1,0,0,0,0,0,0,2,"- ","- ",38.268669128417969,-120.32572937011719,CALAVERAS,UNINCORPORATED,-120.32571411132812,38.268657684326172
92411418,2024,2024-06-11,9255,2024-06-02,1329,017286,,7,1,9,0500,0,3,5,,2,003,"FOOTHILL COURT","LEWIS AVE",175.00,N,N,A,-,N,,,,,,,,,,Y,2,0,2,4,C,-,18,,,N,A,1,E,A,H,-,A,D,0,Y,,,,Y,,-,"- ",1,1,0,0,2,0,0,0,0,"- ","- ",38.197849273681641,-120.67452239990234,CALAVERAS,UNINCORPORATED,-120.67464447021484,38.197677612304688
92414255,2024,2024-06-13,9255,2024-05-29,1637,019525,,3,2,9,0500,0,1,3,,1,021,SR-4,"STALLION WAY",5808.00,E,N,A,-,Y,CAL,,4," "," ",17.742,H,,R,Y,2,0,2,1,A,-,01,23152,A,N,E,I,A,A,H,-,A,D,0,,,,,Y,Y,D,22,1,1,0,0,0,0,0,0,0,"- ","- ",38.068500518798828,-120.61322784423828,CALAVERAS,UNINCORPORATED,-120.61319732666016,38.068454742431641
92414364,2024,2024-06-13,9255,2024-06-03,1140,019534,,1,1,9,0500,0,2,4,,2,034,"RAILROAD FLAT RD","SIERRA OAKS LN",875.00,N,N,A,-,N,,,,,,,,,,Y,2,0,1,1,A,-,08,22107,,N,E,I,A,A,H,-,A,D,0,,,,,Y,,A,01,1,0,0,0,0,0,0,0,0,"- ","- ",38.303531646728516,-120.50544738769531,CALAVERAS,UNINCORPORATED,-120.50514984130859,38.303363800048828
92428920,2024,2024-07-02,9255,2024-06-23,1308,019525,,7,1,9,0500,0,3,5,,2,001,"BURSON ROAD","CAROL LN",523.00,N,N,A,-,N,,,,,,,,,,Y,2,0,1,1,A,-,08,22107,,N,E,I,A,A,H,-,A,D,0,,,Y,,Y,,-,"- ",1,0,0,0,0,0,0,0,1,"- ","- ",38.164581298828125,-120.89119720458984,CALAVERAS,UNINCORPORATED,-120.8912353515625,38.164848327636719
9322337,2021,2021-09-28,0501,2021-04-09,1214,218,,5,5,2,0501,0,0,0,,0,,"RT 49","FINNEGAN LN",588.00,S,N,A,-,Y,CAL,10,49,-,-,7.130,H,-,N,Y,2,0,1,1,A,-,03,22350,,N,B,I,A,A,H,-,A,D,0,,,Y,,Y,,C,02,1,0,0,0,0,0,0,0,1,"- ","- ",,,CALAVERAS,"ANGELS CAMP",-120.53862762451172,38.067592620849609
93280551,2024,2024-08-22,9255,2024-06-08,1405,017324,,6,2,9,0500,0,2,4,,1,022,"O'BYRNES FERRY ROAD","SANGUINETTI DRIVE",5280.00,N,N,A,-,N,,,,,,,,,,Y,1,1,0,1,A,-,08,22107,,N,E,I,A,A,H,-,A,D,0,,,,,Y,,D,22,0,0,0,0,0,0,0,0,0,"- ","- ",37.927539825439453,-120.59715270996094,CALAVERAS,UNINCORPORATED,-120.59637451171875,37.925323486328125
93520002,2024,2024-08-05,9255,2024-07-20,2205,021793,,6,3,9,0500,0,3,5,,2,001,"PATTISON RD","N OF STEDMAN RANCH RD",521.00,S,N,A,-,N,,,,,,,,,,Y,2,0,1,1,A,-,03,22350,,N,E,8,A,A,H,-,D,D,0,,,,,Y,,D,22,1,0,0,0,0,0,0,0,0,"- ","- ",38.210609436035156,-120.9068603515625,CALAVERAS,UNINCORPORATED,-120.90556335449219,38.207805633544922
94395220,2024,2024-09-16,9255,2024-05-18,1425,017537,,6,2,9,0500,0,2,4,,1,022,"OBYRNES FERRY ROAD","COPPER COVE COURT",300.00,S,N,A,-,N,,,,,,,,,,Y,1,1,0,1,A,-,08,22107,,N,E,I,A,A,H,-,A,D,0,,,Y,,Y,,-,"- ",0,0,0,0,0,0,0,1,0,"- ","- ",37.938819885253906,-120.60524749755859,CALAVERAS,UNINCORPORATED,-120.60537719726562,37.939201354980469
94400139,2024,2024-09-19,9255,2024-09-13,"645 ",017324,,5,1,9,0500,0,1,3,,1,021,"STATE ROUTE 4","HORSESHOE LANE",3168.00,W,N,A,-,Y,CAL,,4," ",R,4.470,H,,R,Y,2,0,2,2,A,-,05,21460,C,N,A,C,A,A,H,-,A,D,0,,,,,Y,,A,01,1,1,0,0,0,0,0,0,0,"- ","- ",37.95172119140625,-120.69554138183594,CALAVERAS,UNINCORPORATED,-120.69548797607422,37.951702117919922
94403985,2024,2024-10-31,9255,2024-09-05,1300,018318,,4,1,9,0500,0,1,3,,1,011,SR-26,"GOLD CREEK DRIVE",630.00,E,N,A,-,Y,CAL,,26," "," ",9.438,H,,R,Y,1,1,1,1,A,-,08,22107,,N,E,8,A,A,H,-,A,D,0,,,,,Y,,A,01,1,0,0,0,0,0,0,0,0,"- ","- ",38.180130004882812,-120.82978057861328,CALAVERAS,UNINCORPORATED,-120.82973480224609,38.180103302001953
94413309,2024,2024-09-30,9255,2024-09-22,1700,023983,,7,2,9,0500,0,1,3,,1,010,"MOUNTAIN RANCH RD","GOLD HUNTER RD",160.00,E,N,A,-,N,,,,,,,,,,N,2,0,1,1,A,-,08,22107,,N,F,A,A,A,H,-,A,D,0,,,Y,,Y,,C,02,1,0,0,0,0,0,0,0,1,"- ","- ",38.189620971679688,-120.65763092041016,CALAVERAS,UNINCORPORATED,-120.66150665283203,38.188461303710938
94413521,2024,2024-09-30,9255,2024-09-23,"851 ",019525,,1,1,9,0500,0,3,5,,2,001,"PARDEE DAM ROAD","CAMPE SECO ROAD",10560.00,N,N,A,-,N,,,,,,,,,,N,2,0,1,1,A,-,08,22107,,N,F,A,A,A,H,-,A,D,0,,,Y,,Y,,C,02,1,0,0,0,0,0,0,0,1,"- ","- ",38.255870819091797,-120.84886932373047,CALAVERAS,UNINCORPORATED,-120.84900665283203,38.254619598388672
94424585,2024,2024-10-09,9255,2024-09-29,1820,019246,,7,2,9,0500,0,3,5,,2,001,"POOL STATION RD","CHURCH HILL RD",1584.00,N,N,A,-,N,,,,,,,,,,N,2,0,1,1,C,-,18,,,N,H,H,A,A,H,-,D,D,0,,,Y,,Y,,-,"- ",1,0,0,0,0,0,0,0,1,"- ","- ",38.184329986572266,-120.68421173095703,CALAVERAS,UNINCORPORATED,-120.68405914306641,38.184043884277344
94425096,2024,2024-10-09,9255,2024-07-02,"940 ",019525,,2,1,9,0500,0,2,4,,1,022,"OBYRNES FERRY ROAD","PYLE ROAD",1056.00,S,N,A,-,N,,,,,,,,,,Y,1,1,0,2,A,-,05,21460,A,N,F,A,A,A,H,-,A,D,0,,,Y,,Y,,C,02,0,0,0,0,0,0,0,1,0,"- ","- ",37.966018676757812,-120.61975860595703,CALAVERAS,UNINCORPORATED,-120.61904144287109,37.964939117431641
94438916,2024,2024-10-21,9255,2024-10-13,1015,019525,,7,1,9,0500,0,1,3,,1,020,SR-49,"REDHILL ROAD",0.00,,Y,A,-,Y,CAL,,49," ",R,4.121,H,,R,Y,2,0,1,1,C,-,18,,,N,H,H,A,A,H,-,A,D,0,,,Y,,Y,,-,"- ",1,0,0,0,0,0,0,0,1,"- ","- ",38.036350250244141,-120.50923919677734,CALAVERAS,UNINCORPORATED,-120.50926971435547,38.036331176757812
94470010,2024,2024-11-14,9255,2024-09-02,1145,023983,,1,1,9,0500,0,1,3,,2,030,SR-49,"BIG BAR RD",1056.00,S,N,A,-,Y,CAL,,49," "," ",30.431,H,,R,Y,1,1,0,2,A,-,05,21460,A,N,B,2,A,A,H,-,A,D,0,,,,,Y,,D,22,0,0,0,0,0,0,0,0,0,"- ","- ",38.308971405029297,-120.72528839111328,CALAVERAS,UNINCORPORATED,-120.72528839111328,38.308971405029297