CASE_ID,ACCIDENT_YEAR,PROC_DATE,JURIS,COLLISION_DATE,COLLISION_TIME,OFFICER_ID,REPORTING_DISTRICT,DAY_OF_WEEK,CHP_SHIFT,POPULATION,CNTY_CITY_LOC,SPECIAL_COND,BEAT_TYPE,CHP_BEAT_TYPE,CITY_DIVISION_LAPD,CHP_BEAT_CLASS,BEAT_NUMBER,PRIMARY_RD,SECONDARY_RD,DISTANCE,DIRECTION,INTERSECTION,WEATHER_1,WEATHER_2,STATE_HWY_IND,CALTRANS_COUNTY,CALTRANS_DISTRICT,STATE_ROUTE,ROUTE_SUFFIX,POSTMILE_PREFIX,POSTMILE,LOCATION_TYPE,RAMP_INTERSECTION,SIDE_OF_HWY,TOW_AWAY,COLLISION_SEVERITY,NUMBER_KILLED,NUMBER_INJURED,PARTY_COUNT,PRIMARY_COLL_FACTOR,PCF_CODE_OF_VIOL,PCF_VIOL_CATEGORY,PCF_VIOLATION,PCF_VIOL_SUBSECTION,HIT_AND_RUN,TYPE_OF_COLLISION,MVIW,PED_ACTION,ROAD_SURFACE,ROAD_COND_1,ROAD_COND_2,LIGHTING,CONTROL_DEVICE,CHP_ROAD_TYPE,PEDESTRIAN_ACCIDENT,BICYCLE_ACCIDENT,MOTORCYCLE_ACCIDENT,TRUCK_ACCIDENT,NOT_PRIVATE_PROPERTY,ALCOHOL_INVOLVED,STWD_VEHTYPE_AT_FAULT,CHP_VEHTYPE_AT_FAULT,COUNT_SEVERE_INJ,COUNT_VISIBLE_INJ,COUNT_COMPLAINT_PAIN,COUNT_PED_KILLED,COUNT_PED_INJURED,COUNT_BICYCLIST_KILLED,COUNT_BICYCLIST_INJURED,COUNT_MC_KILLED,COUNT_MC_INJURED,PRIMARY_RAMP,SECONDARY_RAMP,LATITUDE,LONGITUDE,COUNTY,CITY,POINT_X,POINT_Y
94475029,2024,2024-11-19,9255,2024-11-06,1805,019246,,3,2,9,0500,0,1,3,,2,030,SR-49,SR-12,30.00,S,N,A,-,Y,CAL,,49," ",R,20.498,H,,R,Y,2,0,2,2,A,-,09,21802,A,N,D,C,A,A,H,-,D,A,0,,,,,Y,,A,01,1,1,0,0,0,0,0,0,0,"- ","- ",38.204891204833984,-120.69737243652344,CALAVERAS,UNINCORPORATED,-120.69736480712891,38.204887390136719
94502244,2024,2024-12-13,9255,2024-11-25,"18  ",019246,,1,3,9,0500,0,3,5,,2,002,"BLACK CREEK DR","FEATHER DR",0.00,,Y,B,-,N,,,,,,,,,,Y,2,0,1,1,A,-,08,22107,,N,E,I,A,A,H,-,D,D,0,,,,,Y,,-,"- ",1,0,0,0,0,0,0,0,0,"- ","- ",37.947929382324219,-120.61721801757812,CALAVERAS,UNINCORPORATED,-120.61717987060547,37.948066711425781
94520408,2024,2025-02-06,9255,2024-12-26,"815 ",018318,,4,1,9,0500,0,2,4,,1,041,"MURPHYS GRADE ROAD","FRENCH GULCH ROAD",9504.00,S,N,B,-,N,,,,,,,,,,Y,1,1,0,1,A,-,08,22107,,N,E,I,A,A,H,-,A,D,0,,,,,Y,,A,01,0,0,0,0,0,0,0,0,0,"- ","- ",38.123550415039062,-120.49449157714844,CALAVERAS,UNINCORPORATED,-120.54045867919922,38.085868835449219
94530713,2024,2025-01-08,9255,2024-12-30,2232,019246,,1,3,9,0500,0,1,3,,1,010,SR-12,"TOYON CIRCLE",2376.00,W,N,A,-,Y,CAL,,12," "," ",13.462,H,,R,Y,2,0,2,3,A,-,03,22350,,N,C,E,E,A,H,-,D,D,0,Y,,,,Y,,A,01,2,0,0,0,1,0,0,0,0,"- ","- ",38.208938598632812,-120.77229309082031,CALAVERAS,UNINCORPORATED,-120.77230834960938,38.208988189697266
9454377,2022,2022-08-02,0501,2022-03-13,1419,218,,7,5,2,0501,0,0,0,,0,,"RT 49","PINE ST",0.00,,Y,A,-,Y,CAL,10,49,-,-,7.410,H,-,N,N,2,0,1,1,A,-,03,22350,,N,F,I,A,A,H,-,A,D,0,,,Y,,Y,,C,02,1,0,0,0,0,0,0,0,1,"- ","- ",,,CALAVERAS,"ANGELS CAMP",-120.54138946533203,38.07080078125
94543833,2025,2025-01-21,9255,2025-01-04,1752,023253,,6,2,9,0500,0,3,5,,2,003,"RAILROAD FLAT ROAD","SIERRA OAKS DRIVE",1584.00,S,N,A,-,N,,,,,,,,,,Y,2,0,1,1,A,-,01,23152,A,N,E,I,A,A,H,-,D,D,0,,,,,Y,Y,D,22,1,0,0,0,0,0,0,0,0,"- ","- ",38.296951293945312,-120.50357055664062,CALAVERAS,UNINCORPORATED,-120.50382995605469,38.29730224609375
94641066,2025,2025-04-08,9255,2025-03-29,"642 ",017324,,6,1,9,0500,0,3,5,,2,002,"MILTON ROAD","CALAVERAS COUNTY LINE",530.00,N,N,A,-,N,,,,,,,,,,Y,2,0,1,1,A,-,03,22350,,N,E,I,A,D,H,-,A,D,0,,,,,Y,,A,01,1,0,0,0,0,0,0,0,0,"- ","- ",38.003849029541016,-120.85108947753906,CALAVERAS,UNINCORPORATED,,
94675652,2025,2025-05-05,9255,2025-02-04,1543,019525,,2,2,9,0500,0,1,3,,1,010,SR-12,"CENTRAL HILL ROAD",5280.00,W,N,B,-,Y,CAL,,12," "," ",15.944,H,,R,Y,1,2,0,3,A,-,03,22350,,N,B,C,A,B,H,-,A,D,0,,,,,Y,,D,22,0,0,0,0,0,0,0,0,0,"- ","- ",38.205718994140625,-120.72913360595703,CALAVERAS,UNINCORPORATED,-120.72914123535156,38.205673217773438
94732540,2025,2025-06-19,9255,2025-04-25,1535,023983,,5,2,9,0500,0,1,3,,2,031,SR-26,"GILLHAVEN ROAD",442.00,E,N,A,-,Y,CAL,,26," "," ",21.398,H,,R,Y,1,1,2,2,A,-,06,21751,,N,A,C,A,A,H,-,A,D,0,,,,,Y,,A,01,2,0,0,0,0,0,0,0,0,"- ","- ",38.313240051269531,-120.65770721435547,CALAVERAS,UNINCORPORATED,-120.65769195556641,38.313209533691406
94739714,2025,2025-06-25,9255,2025-05-15,1558,016918,,4,2,9,0500,0,1,3,,2,031,"STATE ROUTE 26","JESUS MARIA ROAD",0.00,,Y,A,-,Y,CAL,,26," "," ",19.609,H,,R,Y,1,1,0,2,A,-,09,21802,A,N,D,C,A,A,H,-,A,A,0,,,Y,,Y,,C,02,0,0,0,0,0,0,0,1,0,"- ","- ",38.300071716308594,-120.68248748779297,CALAVERAS,UNINCORPORATED,-120.68247985839844,38.300060272216797
94745634,2025,2025-07-01,9255,2025-06-19,1725,022429,,4,2,9,0500,0,3,5,,2,005,SR-4,"SKYLINE DR",1637.00,E,N,A,-,Y,CAL,,4," ",R,62.206,H,,R,N,2,0,1,1,A,-,03,22350,,N,E,I,A,A,H,-,A,D,0,,,,,Y,,M,94,1,0,0,0,0,0,0,0,0,"- ","- ",38.418811798095703,-120.09397125244141,CALAVERAS,UNINCORPORATED,-120.09397888183594,38.418834686279297
94747584,2025,2025-07-07,9255,2025-06-22,"5   ",019246,,7,3,9,0500,0,1,3,,2,031,SR-26,"HIGDON RD",1056.00,E,N,A,-,Y,CAL,,26," "," ",37.115,H,,R,Y,2,0,1,1,A,-,01,23152,A,N,E,I,A,A,H,-,D,D,0,,,,,Y,Y,D,22,1,0,0,0,0,0,0,0,0,"- ","- ",38.412841796875,-120.55626678466797,CALAVERAS,UNINCORPORATED,-120.55620574951172,38.412807464599609
94806622,2025,2025-08-18,9255,2025-06-30,1540,019534,,1,2,9,0500,0,1,3,,1,011,SR-26,"VISTA DEL LAGO DR",1800.00,W,N,A,-,Y,CAL,,26," "," ",8.083,H,,R,Y,1,1,1,2,C,-,18,,,N,A,C,A,A,H,-,A,D,0,,,,,Y,,-,"- ",0,1,0,0,0,0,0,0,0,"- ","- ",38.164470672607422,-120.84248352050781,CALAVERAS,UNINCORPORATED,-120.84246063232422,38.164463043212891
9661764,2024,2024-05-09,0501,2024-01-12,1429,AC218,PD,5,5,2,0501,0,0,0,,0,00B,"BRAGG ST","RT 49",5.00,E,N,A,-,Y,CAL,10,49,-,-,7.680,I,5,S,Y,2,0,1,1,A,-,03,22350,,N,E,J,A,A,H,-,A,D,0,,,Y,,Y,,C,02,1,0,0,0,0,0,0,0,1,"- ","- ",38.074241638183594,-120.54416656494141,CALAVERAS,"ANGELS CAMP",-120.54408264160156,38.074172973632812
9804171,2025,2025-06-19,0501,2025-04-02,"831 ",AC255,11,3,5,2,0501,0,0,0,,0,00B,"RT 4","RT 49",5597.00,E,N,A,-,Y,CAL,10,4,-,R,22.170,H,-,E,Y,2,0,1,2,A,-,08,22107,,N,A,D,A,A,H,-,A,D,0,,,,Y,Y,,A,07,1,0,0,0,0,0,0,0,0,"- ","- ",38.079410552978516,-120.55435943603516,CALAVERAS,"ANGELS CAMP",-120.54127502441406,38.082866668701172
9808575,2025,2025-07-28,0501,2025-06-14,1921,AC246,PD,6,5,2,0501,0,0,0,,0,00B,"SUZANNE CT","SUZANNE DR",0.00,,Y,A,-,N,,,,,,,,,,N,2,0,1,1,A,-,08,22107,,N,H,A,A,A,H,-,A,D,0,,,,,Y,,-,,1,0,0,0,0,0,0,0,0,"- ","- ",38.074409484863281,-120.53909301757812,CALAVERAS,"ANGELS CAMP",-120.53870391845703,38.074329376220703
9816980,2024,2025-06-10,0501,2024-11-27,1737,AC238,PD,3,5,2,0501,0,0,0,,0,00B,"MURPHYS GRADE RD","S MAIN ST",0.00,,Y,A,-,N,,,,,,,,,,N,2,0,1,2,A,-,10,21950,A,N,G,B,B,A,H,-,C,A,0,Y,,,,Y,,A,07,1,0,0,0,1,0,0,0,0,"- ","- ",38.068290710449219,-120.53914642333984,CALAVERAS,"ANGELS CAMP",-120.55438232421875,38.079433441162109
6292176,2015,2017-04-25,9255,2015-03-25,1515,13556,,3,2,9,0500,0,1,3,,2,030,"RT 49","GOLD RUSH LN",1177.00,S,N,A,-,Y,CAL,10,49,-,-,28.930,H,-,S,Y,1,1,0,1,A,-,08,22107,,N,F,A,A,A,H,-,A,D,0,,,,,Y,Y,D,22,0,0,0,0,0,0,0,0,0,"- ","- ",38.29804,-120.72584000000001,CALAVERAS,UNINCORPORATED,-120.72633018000001,38.298047400000002
6351960,2014,2016-03-02,9255,2014-01-18,0750,018459,,6,1,9,0500,0,1,3,,2,030,"RT 49","UNION MINE RD",223.00,N,N,A,-,Y,CAL,10,49,-,-,16.160,H,-,S,Y,2,0,1,1,A,-,08,22107,,N,E,I,A,A,H,-,A,D,0,,,,,Y,,A,01,1,0,0,0,0,0,0,0,0,"- ","- ",38.158239999999999,-120.64632,CALAVERAS,UNINCORPORATED,-120.64652769999999,38.158652689999997
6396866,2014,2014-06-20,9255,2014-03-02,2000,19643,,7,2,9,0500,0,3,5,,2,005,"SIERRA PKWY","MOJAVE DR",1056.00,S,N,A,-,N,,,,,,,,,,Y,2,0,1,1,A,-,08,22107,,N,E,I,A,B,H,-,D,D,0,,,,,Y,Y,D,22,1,0,0,0,0,0,0,0,0,"- ","- ",38.206580000000002,-120.3689,CALAVERAS,UNINCORPORATED,-120.26458780999999,38.303780830000001
6398977,2014,2016-02-24,9255,2014-02-27,1345,013556,,4,1,9,0500,0,1,3,,2,031,"RT 26","LOWER DORRAY RD",1056.00,E,N,B,C,Y,CAL,10,26,-,-,24.980,H,-,W,N,2,0,1,1,A,-,03,22350,,N,F,A,A,B,H,-,A,D,0,,,Y,,Y,,C,02,1,0,0,0,0,0,0,0,1,"- ","- ",38.340470000000003,-120.60722,CALAVERAS,UNINCORPORATED,-120.60751073,38.34035386
6501497,2014,2016-04-14,9255,2014-05-09,1518,016918,,5,2,9,0500,0,1,3,,2,030,"RT 49","O CONNELL LN",100.00,S,N,A,-,Y,CAL,10,49,-,-,17.580,H,-,N,Y,2,0,1,1,A,-,08,22107,,N,F,A,A,A,H,-,A,D,0,,,,,Y,,A,01,1,0,0,0,0,0,0,0,0,"- ","- ",38.175190000000001,-120.66101999999999,CALAVERAS,UNINCORPORATED,-120.66124388999999,38.175332339999997
6521563,2014,2016-04-09,9255,2014-05-05,0145,018873,,1,3,9,0500,0,1,3,,1,010,"RT 12","RT 26",4224.00,W,N,A,-,Y,CAL,10,12,-,-,9.120,H,-,E,Y,2,0,1,1,A,-,08,22107,,N,E,I,A,A,H,-,D,D,0,,,,,Y,,A,07,1,0,0,0,0,0,0,0,0,"- ","- ",38.184840000000001,-120.83913,CALAVERAS,UNINCORPORATED,-120.84061672,38.184596569999997
6533079,2014,2014-07-24,0501,2014-04-28,1707,220,CALAV,1,5,2,0501,0,0,0,,0,,"STANISLAUS AV","ONEIDA ST",0.00,,Y,A,-,N,,,,,,,,,,N,2,0,1,2,A,-,05,21460,A,N,G,G,A,A,D,-,B,A,0,,Y,,,Y,,A,01,1,0,0,0,0,0,1,0,0,"- ","- ",,,CALAVERAS,"ANGELS CAMP",-120.55011989,38.075629990000003
6533890,2014,2014-08-18,9255,2014-06-18,1730,019643,,3,2,9,0500,0,3,5,,2,004,"CAMP NINE RD","AVERY  RANCH CAM 9 RD",0.00,,Y,A,-,N,,,,,,,,,,Y,2,0,2,1,A,-,01,23152,A,N,E,I,A,A,H,-,A,D,0,,,,,Y,Y,A,01,1,1,0,0,0,0,0,0,0,"- ","- ",38.124839999999999,-120.3852,CALAVERAS,UNINCORPORATED,-120.38535899999999,38.124791999999999
6539475,2014,2016-04-09,0501,2014-06-10,1048,220,CALAV,2,5,2,0501,0,0,0,,0,,"RT 49","RAMORINI LN",48.00,S,N,A,-,Y,CAL,10,49,-,-,6.700,H,-,S,Y,2,0,1,1,A,-,08,22107,,N,E,I,A,A,H,-,A,A,0,,,,,Y,,A,07,1,0,0,0,0,0,0,0,0,"- ","- ",,,CALAVERAS,"ANGELS CAMP",-120.53694508,38.061630729999997
6606183,2014,2014-09-25,9255,2014-06-16,1550,13401,,1,2,9,0500,0,2,4,,2,034,"MOUNTAIN RANCH RD","SUN RD",500.00,W,N,A,-,N,,,,,,,,,,Y,1,1,2,2,A,-,08,22107,,N,A,C,A,A,H,-,A,D,0,,,,,Y,,A,01,2,0,0,0,0,0,0,0,0,"- ","- ",38.235480000000003,-120.52431,CALAVERAS,UNINCORPORATED,-120.52322399000001,38.236033200000001
6606494,2014,2016-04-28,9255,2014-08-24,1455,13401,,7,2,9,0500,0,1,3,,1,021,"RT 4","OBYRNES FERRY RD",7392.00,E,N,A,-,Y,CAL,10,4,-,R,9.540,H,-,W,Y,2,0,2,1,A,-,17,21711,,N,F,A,A,A,H,-,A,D,0,,,,,Y,,E,22,1,1,0,0,0,0,0,0,0,"- ","- ",38.013770000000001,-120.40267,CALAVERAS,UNINCORPORATED,-120.64925900999999,38.002422580000001
6718523,2014,2015-02-11,9255,2014-11-23,2500,18022,,7,4,9,0500,0,3,5,,2,100,"HOGAN DAM RD","SILVER RAPIDS RD",2112.00,E,N,A,F,N,,,,,,,,,,Y,1,1,0,1,A,-,01,23152,A,N,F,A,A,A,H,-,D,D,0,,,Y,,Y,Y,C,02,0,0,0,0,0,0,0,1,0,"- ","- ",38.150970000000001,-120.81856000000001,CALAVERAS,UNINCORPORATED,-120.8210187,38.14628957
6787116,2015,2016-04-18,9255,2015-01-01,0935,018873,,4,1,9,0500,0,3,5,,2,001,"HENEY LN","JENSEN CT",55.00,W,N,A,-,N,,,,,,,,,,N,2,0,1,2,A,-,11,21954,A,N,G,B,E,A,H,-,A,D,0,Y,,,,Y,,N,60,1,0,0,0,1,0,0,0,0,"- ","- ",38.167740000000002,-120.85533,CALAVERAS,UNINCORPORATED,-120.85559021,38.167062899999998
6881112,2015,2015-04-27,9255,2015-04-11,0958,016918,,6,1,9,0500,0,3,5,,2,001,"SILVER RAPIDS RD","BERKESEY DR",0.00,,Y,A,-,N,,,,,,,,,,Y,2,0,1,2,A,-,11,21954,A,N,G,B,D,A,H,-,A,A,0,Y,,,,Y,,N,60,1,0,0,0,1,0,0,0,0,"- ","- ",38.160620000000002,-120.84833,CALAVERAS,UNINCORPORATED,-120.84833994,38.160629950000001
6932440,2015,2016-12-07,9255,2015-05-16,1345,18873,,6,1,9,0500,0,1,3,,1,020,"RT 49","RED HILL RD",4224.00,S,N,A,-,Y,CAL,10,49,-,R,3.740,H,-,S,Y,2,0,1,1,A,-,08,22107,,N,E,I,A,A,H,-,A,D,0,,,Y,,Y,,C,02,1,0,0,0,0,0,0,0,1,"- ","- ",38.023739999999997,-120.54340999999999,CALAVERAS,UNINCORPORATED,-120.50629422999999,38.033197659999999
6974677,2015,2015-07-15,9255,2015-06-20,1045,018873,,6,1,9,0500,0,3,5,,2,003,"RIDGE RD","RAYJEN LN",310.00,E,N,A,-,N,,,,,,,,,,N,2,0,1,1,A,-,08,22107,,N,F,A,A,A,H,-,A,D,0,,,Y,,Y,,C,02,1,0,0,0,0,0,0,0,1,"- ","- ",38.335920000000002,-120.54078,CALAVERAS,UNINCORPORATED,-120.53878399,38.336572859999997
7006174,2015,2015-09-29,9255,2015-08-02,1445,20142,,7,2,9,0500,0,1,3,,2,050,"RT 4","UPPER MORAN RD",1584.00,E,N,A,-,Y,CAL,10,4,-,-,42.930,H,-,E,Y,1,1,1,2,A,-,08,22107,,N,F,A,A,A,H,-,A,D,0,,,Y,,Y,,C,02,0,0,1,0,0,0,0,1,0,"- ","- ",38.263629999999999,-120.33591,CALAVERAS,UNINCORPORATED,-120.33143914999999,38.2677823
90008056,2015,2015-10-19,9255,2015-08-08,1730,018022,,6,2,9,0500,0,3,5,,2,001,"BURSON ROAD","SOUTHWORTH RD",1056.00,S,N,A,-,N,,,,,,,,,,Y,2,0,1,1,A,-,01,23152,E,N,E,I,A,A,H,-,A,D,0,,,,,Y,,D,22,1,0,0,0,0,0,0,0,0,"- ","- ",38.146090000000001,-120.90039,CALAVERAS,UNINCORPORATED,-120.90032718000001,38.145991119999998
90015571,2015,2015-10-19,9255,2015-08-30,0839,013401,,7,1,9,0500,0,1,3,,1,020,SR-49,"FOURTH CROSSING RD",2640.00,S,N,A,-,Y,,,,,,,,,,Y,2,0,1,1,A,-,08,22107,,N,E,I,A,A,H,-,A,D,0,,,,,Y,,A,01,1,0,0,0,0,0,0,0,0,"- ","- ",38.532769999999999,-120.37107,CALAVERAS,UNINCORPORATED,-120.63063661,38.12625826
90019982,2015,2015-10-19,9255,2015-09-19,1600,020142,,6,2,9,0500,0,1,3,,2,031,SR-26,"DEARDORFF RD",266.00,E,N,A,-,Y,,,,,,,,,,N,2,0,1,2,A,-,11,21954,A,N,G,B,D,A,H,-,A,D,0,Y,,,,Y,,N,60,1,0,0,0,1,0,0,0,0,"- ","- ",38.214599999999997,-120.33499999999999,CALAVERAS,UNINCORPORATED,-120.56385349999999,38.362827019999997
90022650,2015,2016-01-12,9255,2015-09-18,2045,013939,,5,2,9,0500,0,1,3,,2,040,SR-4,"NORTHWOOD DRIVE (WEST)",1584.00,E,N,A,-,Y,,,4,,,,,,,Y,1,1,0,1,A,-,01,23152,A,N,E,I,A,A,H,-,D,D,0,,,,,Y,Y,A,01,0,0,0,0,0,0,0,0,0,"- ","- ",38.17313,-120.39605,CALAVERAS,UNINCORPORATED,-120.39624533,38.17343743
90036709,2015,2015-11-09,9255,2015-09-06,1113,018022,,7,1,9,0500,0,1,3,,1,020,SR-49,"GUN CLUB RD",0.00,,Y,A,-,Y,,,,,,,,,,N,1,1,0,2,A,-,09,21801,A,N,F,A,A,A,H,-,A,D,0,,,Y,,Y,,A,01,0,0,0,0,0,0,0,1,0,"- ","- ",38.340000000000003,-120.3152,CALAVERAS,UNINCORPORATED,-120.53162992999999,38.051329920000001
90036738,2015,2015-10-22,9255,2015-09-12,1750,019557,,6,2,9,0500,0,1,3,,1,021,SR-4,"O'BYRNES FERRY ROAD",0.00,,Y,B,-,Y,,,,,,,,,,Y,1,1,5,2,A,-,12,22450,A,N,D,C,A,A,H,-,A,A,0,,,,,Y,,A,08,1,2,2,0,0,0,0,0,0,"- ","- ",37.590119999999999,-120.38433999999999,CALAVERAS,UNINCORPORATED,-120.645432,37.983393
90079297,2015,2015-12-21,9255,2015-12-12,0734,015872,,6,1,9,0500,0,3,5,,2,001,"DOUBLE SPRINGS RD",SR-26,1584.00,W,N,A,-,N,,,,,,,,,,Y,2,0,1,1,A,-,03,22350,,N,F,A,A,A,H,-,A,D,0,,,,,Y,,A,07,1,0,0,0,0,0,0,0,0,"- ","- ",38.215780000000002,-120.76951,CALAVERAS,UNINCORPORATED,-120.76878857,38.21573034
90089744,2015,2016-03-11,9255,2015-12-31,2245,013939,,4,3,9,0500,0,3,5,,2,001,"BARBOUR ROAD","SILVER RAPIDS ROAD",677.00,E,N,A,-,N,,,,,,,,,,Y,1,1,0,1,A,-,08,22107,,N,F,A,A,A,H,-,D,D,0,,,,,Y,Y,D,22,0,0,0,0,0,0,0,0,0,"- ","- ",38.160699999999999,-120.84504,CALAVERAS,UNINCORPORATED,-120.84532326,38.160626209999997
90101904,2016,2016-01-25,9255,2016-01-17,1613,015872,,7,2,9,0500,0,1,3,,1,010,SR-12,"MEAGAN LANE",6.00,E,N,B,-,Y,,,12,,,,,,,N,2,0,1,1,A,-,01,23152,A,N,F,A,A,A,H,-,A,D,0,,,Y,,Y,Y,C,06,1,0,0,0,0,0,0,0,1,"- ","- ",38.178339999999999,-120.92574,CALAVERAS,UNINCORPORATED,-120.9257398,38.178316369999997
90112434,2016,2016-02-10,9255,2016-01-28,0330,019525,,4,3,9,0500,0,1,3,,1,020,SR-49,"RED HILL RD",4752.00,S,N,A,-,Y,,,49,,,,,,,Y,2,0,1,1,A,-,01,23152,E,N,E,I,A,A,H,-,D,D,0,,,,,Y,,A,08,1,0,0,0,0,0,0,0,0,"- ","- ",38.0276,-120.51076999999999,CALAVERAS,UNINCORPORATED,-120.51075126000001,38.027578990000002
90122516,2016,2016-02-24,9255,2016-02-05,1709,019525,,5,2,9,0500,0,1,3,,1,011,SR-26,"VISTA DEL LAGO DR",0.00,,Y,A,-,Y,,,26,,,,,,,Y,2,0,1,1,A,-,01,23152,A,N,F,A,A,A,H,-,A,D,0,,,Y,,Y,Y,C,02,1,0,0,0,0,0,0,0,1,"- ","- ",38.168840000000003,-120.8391,CALAVERAS,UNINCORPORATED,-120.83903863,38.168782710000002
90175724,2016,2016-05-09,9255,2016-05-04,1500,013556,,3,2,9,0500,0,1,3,,2,031,SR-26,"NIDEROST LN",1584.00,W,N,B,-,Y,,,,,,,,,,Y,2,0,3,2,A,-,09,21804,B,F,D,C,A,A,H,-,A,D,0,,,,,Y,,A,07,1,0,2,0,0,0,0,0,0,"- ","- ",38.243600000000001,-120.3219,CALAVERAS,UNINCORPORATED,-120.54598331,38.414391690000002
90191375,2016,2016-05-31,9255,2016-05-25,1935,018873,,3,2,9,0500,0,3,5,,2,004,"DOGTOWN RD","LAKESIDE DR",6864.00,N,N,A,-,N,,,,,,,,,,N,2,0,1,1,A,-,08,22107,,N,E,I,A,A,H,-,A,D,0,,,,,Y,,A,07,1,0,0,0,0,0,0,0,0,"- ","- ",38.119390000000003,-120.57102999999999,CALAVERAS,UNINCORPORATED,-120.56842326,38.116923419999999
90208886,2016,2016-06-24,9255,2016-06-23,1730,013939,,4,2,9,0500,0,2,4,,2,034,"RAILROAD FLAT ROAD","INDEPENDENCE RD",4224.00,N,N,A,-,N,,,,,,,,,,Y,2,0,1,1,A,-,08,22107,,N,E,I,A,A,H,-,A,D,0,,,,Y,Y,,F,24,1,0,0,0,0,0,0,0,0,"- ","- ",38.356520000000003,-120.50484,CALAVERAS,UNINCORPORATED,-120.50388674,38.357242419999999
90236855,2016,2016-08-03,9255,2016-07-27,1301,019389,,3,1,9,0500,0,1,3,,1,010,SR-12,"TOLL BRIDGE RD",1584.00,E,N,A,-,Y,,,12,,,,,,,Y,2,0,2,2,A,-,05,21650,,N,A,C,A,A,D,-,A,D,0,,,,,Y,,D,22,1,1,0,0,0,0,0,0,0,"- ","- ",38.209220000000002,-120.70551,CALAVERAS,UNINCORPORATED,-120.70550738,38.20927537
90246951,2016,2016-08-17,9255,2016-08-13,0850,019389,,6,1,9,0500,0,1,3,,1,010,SR-12,SR-49,971.00,W,N,A,-,Y,,,12,,,,,,,Y,2,0,1,1,A,-,08,22107,,N,E,I,A,A,D,-,A,D,0,,,,,Y,,A,01,1,0,0,0,0,0,0,0,0,"- ","- ",38.20702,-120.70044,CALAVERAS,UNINCORPORATED,-120.70047604,38.206926709999998
90274709,2016,2016-09-23,9255,2016-09-16,1230,013556,,5,1,9,0500,0,3,5,,2,003,"JESUS MARIA RD","RAILROAD FLAT RD",327.00,W,N,A,-,N,,,,,,,,,,Y,1,1,0,2,A,-,03,22350,,N,F,A,A,A,H,-,A,D,0,,,Y,,Y,,C,02,0,0,0,0,0,0,0,1,0,"- ","- ",38.284500000000001,-120.50467,CALAVERAS,UNINCORPORATED,-120.50512895,38.284593319999999
90282238,2016,2016-10-03,9255,2016-09-25,0055,013939,,7,3,9,0500,0,1,3,,2,040,SR-4,"HORSESHOE DR",50.00,E,N,A,-,Y,,,4,,,,,,,Y,2,0,1,1,A,-,01,23152,A,N,E,I,A,A,H,-,C,D,0,,,,,Y,Y,D,22,1,0,0,0,0,0,0,0,0,"- ","- ",38.186799999999998,-120.36891,CALAVERAS,UNINCORPORATED,-120.36893103,38.186844059999999
90311267,2016,2016-11-04,9255,2016-10-29,1745,020142,,6,2,9,0500,0,1,3,,1,011,SR-26,"CAMPO SECO TPKE",116.00,W,N,A,-,Y,,,,,,,,,,Y,2,0,3,2,A,-,05,21460,A,N,A,C,A,A,H,-,A,D,0,,,,,Y,Y,D,22,2,0,1,0,0,0,0,0,0,"- ","- ",38.165700000000001,-120.43389999999999,CALAVERAS,UNINCORPORATED,-120.72775126000001,38.282197369999999
90429780,2017,2017-04-07,9255,2017-03-25,0110,016054,,6,3,9,0500,0,3,5,,2,003,"CALAVERITAS RD","MOUNTAIN RANCH RD",10560.00,S,N,B,-,N,,,,,,,,,,Y,2,0,1,1,A,-,08,22107,,N,E,I,A,A,H,-,D,D,0,,,,,Y,,D,22,1,0,0,0,0,0,0,0,0,"- ","- ",38.176310000000001,-120.64955999999999,CALAVERAS,UNINCORPORATED,-120.63959810999999,38.171075139999999
90449396,2017,2017-05-04,9255,2017-04-14,2220,019525,,5,3,9,0500,0,2,4,,2,034,"MOUNTAIN RANCH RD","MICHEL RD",1790.00,W,N,A,-,N,,,,,,,,,,Y,2,0,1,1,A,-,01,23152,A,N,E,I,A,A,H,-,D,D,0,,,,,Y,Y,A,07,1,0,0,0,0,0,0,0,0,"- ","- ",38.218719999999998,-120.55136,CALAVERAS,UNINCORPORATED,-120.59070179,38.191152629999998
90469034,2017,2017-06-01,9255,2017-05-19,0100,013939,,5,3,9,0500,0,3,5,,2,003,"INDEPENDENCE ROAD","IMPROBABILITY DRIVE",162.00,W,N,A,-,N,,,,,,,,,,Y,2,0,2,1,A,-,01,23152,A,N,E,I,A,A,H,-,D,D,0,,,,,Y,Y,A,01,2,0,0,0,0,0,0,0,0,"- ","- ",38.348950000000002,-120.56337000000001,CALAVERAS,UNINCORPORATED,-120.56297779000001,38.348993610000001
90470067,2017,2017-06-29,9255,2017-05-16,1348,018363,,2,1,9,0500,0,1,3,,2,031,"STATE ROUTE 26","SKY HIGH DRIVE",863.00,W,N,A,-,Y,,,26,,,,,,,Y,1,1,2,2,A,-,01,23152,F,N,A,C,A,A,H,-,A,D,0,,,,,Y,,A,01,0,0,2,0,0,0,0,0,0,"- ","- ",38.338799999999999,-120.59775999999999,CALAVERAS,UNINCORPORATED,-120.59780223,38.338874300000001