CASE_ID,ACCIDENT_YEAR,PROC_DATE,JURIS,COLLISION_DATE,COLLISION_TIME,OFFICER_ID,REPORTING_DISTRICT,DAY_OF_WEEK,CHP_SHIFT,POPULATION,CNTY_CITY_LOC,SPECIAL_COND,BEAT_TYPE,CHP_BEAT_TYPE,CITY_DIVISION_LAPD,CHP_BEAT_CLASS,BEAT_NUMBER,PRIMARY_RD,SECONDARY_RD,DISTANCE,DIRECTION,INTERSECTION,WEATHER_1,WEATHER_2,STATE_HWY_IND,CALTRANS_COUNTY,CALTRANS_DISTRICT,STATE_ROUTE,ROUTE_SUFFIX,POSTMILE_PREFIX,POSTMILE,LOCATION_TYPE,RAMP_INTERSECTION,SIDE_OF_HWY,TOW_AWAY,COLLISION_SEVERITY,NUMBER_KILLED,NUMBER_INJURED,PARTY_COUNT,PRIMARY_COLL_FACTOR,PCF_CODE_OF_VIOL,PCF_VIOL_CATEGORY,PCF_VIOLATION,PCF_VIOL_SUBSECTION,HIT_AND_RUN,TYPE_OF_COLLISION,MVIW,PED_ACTION,ROAD_SURFACE,ROAD_COND_1,ROAD_COND_2,LIGHTING,CONTROL_DEVICE,CHP_ROAD_TYPE,PEDESTRIAN_ACCIDENT,BICYCLE_ACCIDENT,MOTORCYCLE_ACCIDENT,TRUCK_ACCIDENT,NOT_PRIVATE_PROPERTY,ALCOHOL_INVOLVED,STWD_VEHTYPE_AT_FAULT,CHP_VEHTYPE_AT_FAULT,COUNT_SEVERE_INJ,COUNT_VISIBLE_INJ,COUNT_COMPLAINT_PAIN,COUNT_PED_KILLED,COUNT_PED_INJURED,COUNT_BICYCLIST_KILLED,COUNT_BICYCLIST_INJURED,COUNT_MC_KILLED,COUNT_MC_INJURED,PRIMARY_RAMP,SECONDARY_RAMP,LATITUDE,LONGITUDE,COUNTY,CITY,POINT_X,POINT_Y
90477586,2017,2017-06-14,9255,2017-06-07,1300,018873,,3,1,9,0500,0,1,3,,2,031,SR-26,"JOJOBA LN",280.00,W,N,A,-,Y,,,26,,,,,,,Y,2,0,1,1,A,-,08,22107,,N,F,A,A,A,H,-,A,D,0,,,,,Y,,D,22,1,0,0,0,0,0,0,0,0,"- ","- ",38.304650000000002,-120.67024000000001,CALAVERAS,UNINCORPORATED,-120.67023648999999,38.304640849999998
90487897,2017,2017-06-30,9255,2017-05-27,2330,015872,,6,3,9,0500,0,3,5,,2,003,"MITCHELL MILL ROAD","BLUE MOUNTAIN ROAD",7709.00,E,N,A,-,N,,,,,,,,,,N,1,1,0,1,A,-,01,23152,G,N,F,A,A,A,H,-,D,D,0,,,Y,,Y,Y,C,02,0,0,0,0,0,0,0,1,0,"- ","- ",38.368760000000002,-120.44244,CALAVERAS,UNINCORPORATED,-120.44225883999999,38.368684909999999
90492935,2017,2017-07-03,9255,2017-06-25,1210,015872,,7,1,9,0500,0,1,3,,2,031,SR-26,"RICH GULCH ROAD",153.00,E,N,A,-,Y,,,26,,,,,,,N,2,0,2,1,A,-,08,22107,,N,F,A,A,A,H,-,A,D,0,,,Y,,Y,,C,02,1,1,0,0,0,0,0,0,2,"- ","- ",38.331240000000001,-120.62712999999999,CALAVERAS,UNINCORPORATED,-120.62713522,38.331173849999999
90495423,2017,2017-07-11,9255,2017-06-20,1500,019557,,2,2,9,0500,0,1,3,,2,031,"MAIN ST. (WEST POINT)",SR-26,15.00,N,N,A,-,Y,,,,,,,,,,Y,2,0,5,3,A,-,08,22107,,N,D,C,F,A,H,-,A,D,0,Y,,,,Y,,A,08,1,4,0,0,1,0,0,0,0,"- ","- ",38.241160000000001,-120.31367,CALAVERAS,UNINCORPORATED,-120.52755000000001,38.397489999999998
90509107,2017,2017-07-26,9255,2017-07-09,0015,018894,,7,3,9,0500,0,3,5,,2,005,"PLACER WAY","FAIRWAY DR",114.00,E,N,A,-,N,,,,,,,,,,Y,2,0,1,1,A,-,08,22107,,F,E,I,A,A,H,-,D,D,0,,,,,Y,,A,07,1,0,0,0,0,0,0,0,0,"- ","- ",38.247999999999998,-120.37061,CALAVERAS,UNINCORPORATED,-120.3668562,38.245291629999997
90549687,2017,2017-09-18,9255,2017-09-10,0020,019557,,7,3,9,0500,0,3,5,,2,001,"BALDWIN ST.","USHER DR.",1584.00,S,N,A,-,Y,,,,,,,,,,Y,2,0,1,1,A,-,08,22107,,N,E,I,A,A,H,-,D,D,0,,,,,Y,Y,D,22,1,0,0,0,0,0,0,0,0,"- ","- ",38.724890000000002,-120.50565,CALAVERAS,UNINCORPORATED,-120.84853527999999,38.123763480000001
90590766,2017,2017-11-08,9255,2017-10-28,1425,018318,,6,2,9,0500,0,1,3,,1,021,SR-4,"HUNT RD",172.00,W,N,A,-,Y,,,4,,,,,,,Y,2,0,6,5,A,-,01,23152,A,N,B,C,A,A,H,-,A,D,0,,,Y,,Y,Y,E,22,5,1,0,0,0,0,0,0,4,"- ","- ",38.029449999999997,-120.64743,CALAVERAS,UNINCORPORATED,-120.64740345,38.029460280000002
90596106,2017,2017-11-16,9255,2017-11-11,0755,017324,,6,1,9,0500,0,1,3,,2,050,"STATE ROUTE 4","AVERY HOTEL RD",2112.00,E,N,A,-,Y,,,4,,,,,,,Y,2,0,1,1,A,-,08,22107,,N,F,A,A,A,H,-,A,D,0,,,,,Y,,D,22,1,0,0,0,0,0,0,0,0,"- ","- ",38.213990000000003,-120.3699,CALAVERAS,UNINCORPORATED,-120.36987481,38.214000259999999
90611328,2017,2017-12-06,9255,2017-11-26,1835,019389,,7,2,9,0500,0,1,3,,1,010,SR-12,"LIME CREEK RD",892.00,W,N,B,C,Y,,,12,,,,,,,Y,2,0,4,2,A,-,01,23152,A,N,A,C,A,B,H,-,D,A,0,,,,,Y,Y,A,07,2,2,0,0,0,0,0,0,0,"- ","- ",38.192999999999998,-120.82384,CALAVERAS,UNINCORPORATED,-120.82384012,38.193000570000002
90628799,2017,2018-01-09,9255,2017-12-16,2100,018894,,6,2,9,0500,0,3,5,,2,005,"BOARDS CROSSING RD","SNOWSHOE THOMPSON TRL",0.00,,Y,A,-,N,,,,,,,,,,Y,1,1,0,1,A,-,01,23152,A,N,E,I,A,A,H,-,D,D,0,,,,,Y,Y,D,22,0,0,0,0,0,0,0,0,0,"- ","- ",38.30003,-120.27464999999999,CALAVERAS,UNINCORPORATED,-120.27461991,38.300049889999997
90642193,2018,2018-01-17,9255,2018-01-12,1815,016918,,5,2,9,0500,0,2,4,,2,034,"MOUNTAIN RANCH RD","MICHEL RD (UPPER)",1584.00,W,N,E,-,N,,,,,,,,,,Y,2,0,2,1,A,-,05,21650,,N,E,I,A,A,H,-,D,D,0,,,Y,,Y,,C,02,2,0,0,0,0,0,0,0,2,"- ","- ",38.219451904296875,-120.55040740966797,CALAVERAS,UNINCORPORATED,-120.58999633789062,38.191226959228516
90653036,2018,2018-02-01,9255,2018-01-06,0010,018873,,6,3,9,0500,0,3,5,,2,003,SR-26,"BUCKEYE LN",337.00,E,N,B,C,Y,,,26,,,,,,,N,2,0,1,1,A,-,05,21650,,N,E,I,A,B,H,-,D,D,0,,,,,Y,,A,01,1,0,0,0,0,0,0,0,0,"- ","- ",38.302131652832031,-120.67896270751953,CALAVERAS,UNINCORPORATED,-120.67896270751953,38.302131652832031
90679647,2018,2018-03-12,9255,2018-02-03,2200,020142,,6,3,9,0500,0,1,3,,2,030,SR-49,"CENTER ST",0.00,,Y,A,-,Y,,,49,,,,,,,Y,1,2,1,2,A,-,09,21802,A,N,D,C,A,A,H,-,C,A,0,,,,Y,Y,,A,08,0,0,1,0,0,0,0,0,0,"- ","- ",38.297481536865234,-120.72015380859375,CALAVERAS,UNINCORPORATED,-120.72015380859375,38.297378540039062
90717606,2018,2018-05-01,9255,2018-04-29,1205,015156,,7,1,9,0500,0,1,3,,2,030,"STATE ROUTE 49","ADAMS AVENUE",0.00,,Y,B,-,Y,,,49,,,,,,,Y,2,0,2,2,A,-,09,21802,A,N,D,C,A,A,H,-,A,A,0,,,Y,,Y,,A,01,2,0,0,0,0,0,0,0,2,"- ","- ",38.196601867675781,-120.68221282958984,CALAVERAS,UNINCORPORATED,-120.68219757080078,38.196651458740234
90738730,2018,2018-05-31,9255,2018-05-30,1155,018825,,3,1,9,0500,0,1,3,,2,031,SR-26,"HIGDON RD",266.00,E,N,A,-,Y,,,26,,,,,,,Y,2,0,1,1,A,-,08,22107,,N,D,I,A,A,H,-,A,D,0,,,Y,,Y,,C,02,1,0,0,0,0,0,0,0,1,"- ","- ",38.410400390625,-120.55590057373047,CALAVERAS,UNINCORPORATED,-120.55583953857422,38.410434722900391
90745794,2018,2018-06-11,9255,2018-06-10,1520,020563,,7,2,9,0500,0,1,3,,1,011,SR-26,"DRIVER RD",95.00,E,N,A,-,Y,,,26,,,,,,,Y,2,0,1,1,A,-,08,22107,,N,E,I,A,A,H,-,A,D,0,,,,,Y,,D,22,1,0,0,0,0,0,0,0,0,"- ","- ",38.139900207519531,-120.86517333984375,CALAVERAS,UNINCORPORATED,-120.86508178710938,38.139839172363281
90765706,2018,2018-07-09,9255,2018-07-02,1600,020142,,1,2,9,0500,0,3,5,,2,003,"RIDGE RD","RUTHERFORD RD",408.00,W,N,A,-,N,,,,,,,,,,Y,2,0,1,2,A,-,08,22107,,M,B,C,A,A,H,-,A,D,0,,,,,Y,,M,96,1,0,0,0,0,0,0,0,0,"- ","- ",38.335369110107422,-120.52517700195312,CALAVERAS,UNINCORPORATED,-120.52520751953125,38.335384368896484
90772472,2018,2018-07-19,9255,2018-07-13,1935,020563,,5,2,9,0500,0,3,5,,2,001,"DAPHNE ST","MYRTLE ST",50.00,N,N,A,-,N,,,,,,,,,,N,2,0,1,1,A,-,03,22350,,N,F,A,A,A,H,-,A,D,0,,,Y,,Y,,C,02,1,0,0,0,0,0,0,0,1,"- ","- ",38.193920135498047,-120.82842254638672,CALAVERAS,UNINCORPORATED,-120.82840728759766,38.193885803222656
90775207,2018,2018-07-24,9255,2018-07-16,1424,020414,,1,2,9,0500,0,1,3,,1,011,SR-26,"FARRIS DRIVE",263.00,E,N,A,-,Y,,,26,,,,,,,Y,2,0,1,1,A,-,08,22107,,N,E,I,A,A,H,-,A,D,0,,,,,Y,,D,22,1,0,0,0,0,0,0,0,0,"- ","- ",38.150890350341797,-120.85761260986328,CALAVERAS,UNINCORPORATED,-120.85761260986328,38.150890350341797
90779845,2018,2018-08-06,9255,2018-07-22,1308,019640,,7,1,9,0500,0,3,5,,2,003,"STANLEY RD","RABBIT'S FOOT RD",1056.00,E,N,A,-,N,,,,,,,,,,Y,2,0,1,2,A,-,05,21460,A,N,A,C,A,A,H,-,A,D,0,,,Y,,Y,,C,02,1,0,0,0,0,0,0,0,1,"- ","- ",38.385410308837891,-120.55290985107422,CALAVERAS,UNINCORPORATED,-120.55208587646484,38.385421752929688
90788122,2018,2018-08-10,9255,2018-08-01,0135,013939,,3,3,9,0500,0,3,5,,2,001,"ANTONOVICH ROAD","PRISCILLA COURT",114.00,E,N,A,-,N,,,,,,,,,,Y,2,0,1,1,A,-,01,23152,A,N,E,I,A,A,H,-,C,D,0,,,,,Y,Y,A,07,1,0,0,0,0,0,0,0,0,"- ","- ",38.159019470214844,-120.83612823486328,CALAVERAS,UNINCORPORATED,-120.83622741699219,38.158798217773438
90816269,2018,2018-09-19,9255,2018-09-12,2310,018873,,3,3,9,0500,0,3,5,,2,001,"PATTISON RD","WADE LN",0.00,,Y,A,-,N,,,,,,,,,,Y,2,0,1,1,A,-,05,21650,,N,E,I,A,A,H,-,D,D,0,,,,,Y,,A,01,1,0,0,0,0,0,0,0,0,"- ","- ",38.212490081787109,-120.90792083740234,CALAVERAS,UNINCORPORATED,-120.9078369140625,38.212360382080078
90818061,2018,2018-09-20,9255,2018-09-10,1745,020563,,1,2,9,0500,0,1,3,,2,030,SR-49,"BEVERLYNN LANE",0.00,,Y,A,-,Y,,,49,,,,,,,Y,2,0,2,2,A,-,09,21804,A,N,D,C,A,A,D,-,A,D,0,,,,Y,Y,,A,01,1,1,0,0,0,0,0,0,0,"- ","- ",38.23175048828125,-120.70887756347656,CALAVERAS,UNINCORPORATED,-120.70888519287109,38.231746673583984
90847911,2018,2018-10-29,9255,2018-09-15,2500,020563,,6,4,9,0500,0,2,4,,2,034,"RAILROAD FLAT RD","SIERRA OAKS DRIVE",1848.00,S,N,A,-,N,,,,,,,,,,Y,1,1,0,1,A,-,08,22107,,N,E,I,A,A,H,-,A,D,0,,,Y,,Y,,C,02,0,0,0,0,0,0,0,1,0,"- ","- ",38.296798706054688,-120.50344848632812,CALAVERAS,UNINCORPORATED,-120.50334167480469,38.296810150146484
90876436,2018,2018-12-05,9255,2018-11-30,1620,020563,,5,2,9,0500,0,3,5,,2,003,"WINTON ROAD","BUMMERVILLE RD",285.00,E,N,B,-,N,,,,,,,,,,Y,2,0,1,1,A,-,01,23152,A,N,E,I,A,B,H,-,B,D,0,,,,,Y,Y,A,01,1,0,0,0,0,0,0,0,0,"- ","- ",38.40869140625,-120.50562286376953,CALAVERAS,UNINCORPORATED,-120.50508117675781,38.408920288085938
90885586,2018,2018-12-18,9255,2018-12-06,1215,020142,,4,1,9,0500,0,2,4,,2,034,"RAILROAD FLAT RD","JESUS MARIA RD",1056.00,N,N,A,-,N,,,,,,,,,,Y,2,0,1,1,A,-,01,23152,F,N,E,I,A,A,H,-,A,D,0,,,,,Y,,A,07,1,0,0,0,0,0,0,0,0,"- ","- ",38.286109924316406,-120.4996337890625,CALAVERAS,UNINCORPORATED,-120.50066375732422,38.28582763671875
90951327,2019,2019-03-22,9255,2019-03-15,1510,021070,,5,2,9,0500,0,3,5,,2,001,"MILTON RD","LANFORD PACHECO RD",1607.00,N,N,A,-,N,,,,,,,,,,N,2,0,1,1,C,-,18,,,N,H,H,A,A,H,-,A,D,0,,,Y,,Y,,-,"- ",1,0,0,0,0,0,0,0,1,"- ","- ",38.082199096679688,-120.87335205078125,CALAVERAS,UNINCORPORATED,-120.87332916259766,38.082489013671875
90967568,2019,2019-04-15,9255,2019-04-07,1200,016479,,7,1,9,0500,0,1,3,,1,020,SR-49,"RED HILL RD",4682.00,S,N,A,-,Y,,,49,,,,,,,Y,2,0,1,1,A,-,03,22350,,N,F,A,A,A,H,-,A,D,0,,,Y,,Y,,C,02,1,0,0,0,0,0,0,0,1,"- ","- ",38.027351379394531,-120.51077270507812,CALAVERAS,UNINCORPORATED,-120.51088714599609,38.027435302734375
90969509,2019,2019-04-17,9255,2019-03-10,2006,020270,,7,2,9,0500,0,3,5,,2,002,"LITTLE JOHN RD","SADDLE CREEK DR",255.00,S,N,A,-,N,,,,,,,,,,N,1,1,0,2,A,-,11,21954,A,N,G,B,D,A,H,-,D,D,0,Y,,,,Y,,N,60,0,0,0,1,0,0,0,0,0,"- ","- ",37.922161102294922,-120.63292694091797,CALAVERAS,UNINCORPORATED,-120.63338470458984,37.922500610351562
90971986,2019,2019-04-22,9255,2019-04-14,2500,021070,,7,4,9,0500,0,1,3,,2,030,SR-49,"FRICOT CITY RD",1082.00,N,N,A,-,Y,,,49,,,,,,,Y,2,0,1,1,A,-,01,23152,A,N,E,I,A,A,H,-,D,D,0,,,,,Y,Y,A,01,1,0,0,0,0,0,0,0,0,"- ","- ",38.1356201171875,-120.63542175292969,CALAVERAS,UNINCORPORATED,-120.63535308837891,38.1356201171875
90972255,2019,2019-04-22,9255,2019-03-18,0720,018363,,1,1,9,0500,0,1,3,,1,010,"STATE ROUTE 12","SOUTHWORTH RD",0.00,,Y,A,-,Y,,,12,,,,,,,Y,2,0,2,3,A,-,09,21802,A,F,D,C,A,A,H,-,A,A,0,,,,,Y,,A,01,2,0,0,0,0,0,0,0,0,"- ","- ",38.179740905761719,-120.95957183837891,CALAVERAS,UNINCORPORATED,-120.95955657958984,38.179775238037109
91047882,2019,2019-08-08,9255,2019-08-01,1345,017324,,4,1,9,0500,0,1,3,,2,030,"STATE ROUTE 49","STATE ROUTE 12",96.00,S,N,A,-,Y,,,49,,,,,,,Y,2,0,2,3,A,-,09,21802,A,N,D,C,A,A,H,-,A,A,0,,,,,Y,,A,07,1,1,0,0,0,0,0,0,0,"- ","- ",38.204910278320312,-120.69745635986328,CALAVERAS,UNINCORPORATED,-120.69736480712891,38.204879760742188
91067299,2019,2019-09-04,9255,2019-08-25,1725,018894,,7,2,9,0500,0,1,3,,2,040,"STATE ROUTE 4","BRICE STATION RD",197.00,W,N,A,-,Y,,,4,,,,,,,Y,2,0,2,1,A,-,08,22107,,N,E,I,A,A,H,-,A,D,0,,,,,Y,,A,07,2,0,0,0,0,0,0,0,0,"- ","- ",38.169601440429688,-120.41275024414062,CALAVERAS,UNINCORPORATED,-120.41273498535156,38.169570922851562
91077155,2019,2019-09-18,9255,2019-09-07,2245,020414,,6,3,9,0500,0,3,5,,2,002,"ROCK CREEK ROAD","FELIX DRIVE",8448.00,W,N,A,-,N,,,,,,,,,,Y,2,0,1,1,A,-,08,22107,,N,F,A,A,A,H,-,D,D,0,,,Y,,Y,,C,02,1,0,0,0,0,0,0,0,1,"- ","- ",38.018299102783203,-120.74893951416016,CALAVERAS,UNINCORPORATED,-120.74790191650391,38.018802642822266
91079163,2019,2019-09-20,9255,2019-09-12,0945,018492,,4,1,9,0500,0,3,5,,2,005,"ANTLER DR","FAIRWAY DR",528.00,W,N,A,-,N,,,,,,,,,,N,2,0,1,1,A,-,03,22350,,N,H,A,A,A,H,-,A,D,0,,,,,Y,,M,96,1,0,0,0,0,0,0,0,0,"- ","- ",38.251819610595703,-120.36440277099609,CALAVERAS,UNINCORPORATED,-120.36409759521484,38.251895904541016
91085561,2019,2019-09-27,9255,2019-09-19,2330,016479,,4,3,9,0500,0,3,5,,2,004,"SHEEP RANCH RD","PONDEROSA WAY",334.00,N,N,A,-,N,,,,,,,,,,Y,2,0,1,1,A,-,05,21650,,N,F,A,A,A,H,-,D,D,0,,,,,Y,Y,A,07,1,0,0,0,0,0,0,0,0,"- ","- ",38.146598815917969,-120.47280120849609,CALAVERAS,UNINCORPORATED,-120.47275543212891,38.146514892578125
91088331,2019,2019-10-01,9255,2019-09-14,0025,021070,,6,3,9,0500,0,1,3,,1,011,SR-26,"GOLD CREEK DR",738.00,W,N,A,-,Y,,,26,,,,,,,Y,2,0,2,1,A,-,01,23152,A,N,F,A,A,A,H,-,D,D,0,,,,,Y,Y,A,07,2,0,0,0,0,0,0,0,0,"- ","- ",38.176651000976562,-120.83103942871094,CALAVERAS,UNINCORPORATED,-120.83114624023438,38.176654815673828
91093911,2019,2020-01-14,9255,2019-09-13,2256,020414,,5,3,9,0500,0,1,3,,1,010,SR-12,SR-49,995.00,W,N,A,-,Y,,,12,,,,,,,Y,1,1,0,1,A,-,01,23152,A,N,E,I,A,A,H,-,D,D,0,,,,,Y,Y,D,22,0,0,0,0,0,0,0,0,0,"- ","- ",38.208240509033203,-120.70288848876953,CALAVERAS,UNINCORPORATED,-120.70286560058594,38.208282470703125
91096270,2019,2019-10-14,9255,2019-10-06,1730,020563,,7,2,9,0500,0,3,5,,2,001,"CAMANCHE PKY S","CRYSTAL DRIVE",1584.00,W,N,A,-,N,,,,,,,,,,Y,2,0,2,1,A,-,01,23152,A,N,F,A,A,A,H,-,A,D,0,,,,,Y,Y,A,01,1,0,1,0,0,0,0,0,0,"- ","- ",38.205570220947266,-120.94772338867188,CALAVERAS,UNINCORPORATED,-120.94765472412109,38.205390930175781
91142873,2019,2019-12-13,9255,2019-12-06,1328,017324,,5,1,9,0500,0,1,3,,1,021,"STATE ROUTE 4","MPM 4CAL18.00",150.00,W,N,A,-,Y,,,4,,,,,,,Y,2,0,2,2,A,-,08,22107,,N,A,C,A,A,H,-,A,D,0,,,,,Y,,A,01,1,1,0,0,0,0,0,0,0,"- ","- ",38.067798614501953,-120.60624694824219,CALAVERAS,UNINCORPORATED,-120.60623931884766,38.067840576171875
91154290,2019,2019-12-27,9255,2019-11-27,1648,019640,,3,2,9,0500,0,1,3,,1,021,SR-4,"ROCK CREEK ROAD",7920.00,E,N,B,C,Y,,,4,,,,,,,Y,1,1,1,2,A,-,03,22350,,N,A,C,A,B,H,-,B,D,0,,,,,Y,,A,07,1,0,0,0,0,0,0,0,0,"- ","- ",38.002540588378906,-120.64901733398438,CALAVERAS,UNINCORPORATED,-120.64904022216797,38.002574920654297
91216353,2020,2020-06-02,9255,2020-03-24,0320,018318,,2,3,9,0500,0,3,5,,2,002,"LITTLE JOHN RD","FLINT TRL",605.00,N,N,B,-,N,,,,,,,,,,Y,2,0,1,1,A,-,01,23152,A,N,F,A,A,A,H,-,D,D,0,,,,,Y,Y,A,07,1,0,0,0,0,0,0,0,0,"- ","- ",37.918190002441406,-120.62796783447266,CALAVERAS,UNINCORPORATED,-120.62769317626953,37.9180908203125
91223680,2020,2020-07-07,9255,2020-02-15,1030,018873,,6,1,9,0500,0,1,3,,1,021,"STATE ROUTE 4","POOL STATION RD",777.00,E,N,A,-,Y,,,4,,,,,,,Y,1,2,4,2,A,-,03,22350,,N,A,C,A,A,H,-,A,A,0,,,,,Y,,A,07,4,0,0,0,0,0,0,0,0,"- ","- ",38.046661376953125,-120.64658355712891,CALAVERAS,UNINCORPORATED,-120.64656829833984,38.046649932861328
91243266,2020,2020-05-27,9255,2020-05-18,1645,020563,,1,2,9,0500,0,3,5,,2,004,"PRIVATE PROPERTY/CREEK VIEW","CREEK VIEW",32.00,W,N,B,-,N,,,,,,,,,,N,2,0,1,1,A,-,01,23152,A,N,H,A,A,D,H,-,A,D,0,,,Y,,Y,Y,C,02,1,0,0,0,0,0,0,0,1,"- ","- ",38.139720916748047,-120.45712280273438,CALAVERAS,UNINCORPORATED,,
91259193,2020,2020-06-26,9255,2020-06-20,1652,020563,,6,2,9,0500,0,1,3,,1,021,S4-4,"POOL STATION RD",1450.00,W,N,A,-,Y,,,,,,,,,,Y,2,0,2,1,A,-,08,22107,,N,F,I,A,A,H,-,A,D,0,,,Y,,Y,,C,02,2,0,0,0,0,0,0,0,2,"- ","- ",38.040390014648438,-120.64787292480469,CALAVERAS,UNINCORPORATED,,
91316827,2020,2020-10-02,9255,2020-09-26,1525,016918,,6,2,9,0500,0,1,3,,1,011,SR-26,"PALOMA RD",4752.00,W,N,A,-,Y,,,26,,,,,,,Y,2,0,1,1,A,-,08,22107,,N,F,A,A,A,H,-,A,D,0,,,Y,,Y,Y,C,02,1,0,0,0,0,0,0,0,1,"- ","- ",38.251220703125,-120.75485229492188,CALAVERAS,UNINCORPORATED,-120.75483703613281,38.251216888427734
91317412,2020,2021-04-02,9255,2020-09-27,1355,020142,,7,1,9,0500,0,1,3,,2,031,SR-26,"WOODHOUSE MINE RD",2640.00,W,N,A,-,Y,,,26,,,,,,,Y,1,1,1,2,A,-,05,21460,A,N,B,C,A,A,H,-,A,D,0,,,,,Y,,A,01,0,1,0,0,0,0,0,0,0,"- ","- ",38.371868133544922,-120.55415344238281,CALAVERAS,UNINCORPORATED,-120.55415344238281,38.371864318847656
91325463,2020,2020-10-16,9255,2020-10-10,1425,019640,,6,2,9,0500,0,1,3,,1,021,SR-4,"TELEGRAPH RD",855.00,W,N,A,-,Y,,,4,,,,,,,Y,2,0,1,1,A,-,17,21711,,N,F,A,A,A,H,-,A,D,0,,,,,Y,,B,07,1,0,0,0,0,0,0,0,0,"- ","- ",37.942989349365234,-120.72051239013672,CALAVERAS,UNINCORPORATED,-120.72052001953125,37.942920684814453
91338957,2020,2020-11-04,9255,2020-10-30,1255,020270,,5,1,9,0500,0,3,5,,2,003,"RAILROAD FLAT RD","PRUSSIAN HILL RD",1000.00,N,N,A,-,N,,,,,,,,,,Y,2,0,1,1,A,-,08,22107,,N,E,I,A,A,H,-,A,D,0,,,,,Y,,A,01,1,0,0,0,0,0,0,0,0,"- ","- ",38.323978424072266,-120.52059936523438,CALAVERAS,UNINCORPORATED,-120.52063751220703,38.323314666748047
91358883,2020,2020-12-04,9255,2020-12-02,0525,018363,,3,3,9,0500,0,1,3,,1,011,"STATE ROUTE 26","OLIVE BRANCH DR",493.00,W,N,A,-,Y,,,26,,,,,,,Y,2,0,1,1,A,-,08,22107,,F,E,I,A,A,H,-,D,D,0,,,,,Y,,A,01,1,0,0,0,0,0,0,0,0,"- ","- ",38.115619659423828,-120.893798828125,CALAVERAS,UNINCORPORATED,-120.893798828125,38.115638732910156
91359909,2020,2020-12-07,9255,2020-11-28,1430,020142,,6,2,9,0500,0,1,3,,1,021,SR-4,"TOWN SQUARE ROAD",0.00,,Y,A,-,Y,,,4,,,,,,,Y,2,0,2,2,A,-,09,21802,A,N,D,C,A,A,H,-,A,A,0,,,,,Y,,A,01,1,0,1,0,0,0,0,0,0,"- ","- ",37.974159240722656,-120.65376281738281,CALAVERAS,UNINCORPORATED,-120.65379333496094,37.974205017089844
91426023,2021,2021-03-12,9255,2021-03-08,1455,019525,,1,2,9,0500,0,3,5,,2,002,"POOL STATION RD","UPPER ANDY ROAD",244.00,S,N,B,-,N,,,,,,,,,,Y,2,0,1,1,A,-,08,22107,,N,E,I,A,A,H,-,A,D,0,,,,,Y,,D,22,1,0,0,0,0,0,0,0,0,"- ","- ",38.126419067382812,-120.66165924072266,CALAVERAS,UNINCORPORATED,-120.66171264648438,38.126605987548828
91453114,2021,2021-06-07,9255,2021-04-09,2000,019534,,5,2,9,0500,0,3,5,,2,002,"LITTLE JOHN ROAD","QUIVER STREET",2640.00,N,N,A,-,N,,,,,,,,,,Y,1,1,0,1,A,-,08,22107,,N,F,A,A,A,H,-,D,D,0,,,Y,,Y,,C,02,0,0,0,0,0,0,0,1,0,"- ","- ",37.942539215087891,-120.64790344238281,CALAVERAS,UNINCORPORATED,-120.64783477783203,37.94244384765625
91458649,2021,2021-09-28,9255,2021-04-15,1720,020563,,4,2,9,0500,0,1,3,,1,010,SR-12,"BURSON ROAD",0.00,,Y,A,-,Y,,,12,,,,,,,Y,2,0,2,4,A,-,01,23152,A,N,D,C,A,A,H,-,A,A,0,,,,Y,Y,Y,A,01,1,1,0,0,0,0,0,0,0,"- ","- ",38.183551788330078,-120.89041900634766,CALAVERAS,UNINCORPORATED,-120.89041900634766,38.183547973632812
91464309,2021,2021-05-03,9255,2021-04-17,1440,020563,,6,2,9,0500,0,1,3,,1,011,SR-26,"DOUBLE SPRINGS RD",3200.00,E,N,A,-,Y,,,26,,,,,,,Y,2,0,2,2,A,-,05,21460,A,N,A,C,A,A,H,-,A,D,0,,,Y,,Y,,C,02,2,0,0,0,0,0,0,0,2,"- ","- ",38.223739624023438,-120.76138305664062,CALAVERAS,UNINCORPORATED,-120.76137542724609,38.223739624023438
91515962,2021,2021-07-08,9255,2021-07-07,0710,016479,,3,1,9,0500,0,3,5,,2,002,"LITTLE JOHN ROAD","KIVA DRIVE",14.00,S,N,A,-,N,,,,,,,,,,N,2,0,1,1,B,-,22,,,N,F,A,A,A,H,-,A,D,0,,Y,,,Y,,L,04,1,0,0,0,0,0,1,0,0,"- ","- ",37.908309936523438,-120.61377716064453,CALAVERAS,UNINCORPORATED,-120.61374664306641,37.908332824707031
91518391,2021,2021-07-12,9255,2021-06-21,1027,019640,,1,1,9,0500,0,1,3,,2,030,"STATE ROUTE 49","REFUSE DISPOSAL SITE ROAD",1920.00,S,N,A,-,Y,,,49,,,,,,,Y,1,1,0,1,A,-,08,22107,,N,E,I,A,A,H,-,A,D,0,,,,,Y,,D,22,0,0,0,0,0,0,0,0,0,"- ","- ",38.244998931884766,-120.71949768066406,CALAVERAS,UNINCORPORATED,-120.71954345703125,38.244983673095703