CASE_ID,ACCIDENT_YEAR,PROC_DATE,JURIS,COLLISION_DATE,COLLISION_TIME,OFFICER_ID,REPORTING_DISTRICT,DAY_OF_WEEK,CHP_SHIFT,POPULATION,CNTY_CITY_LOC,SPECIAL_COND,BEAT_TYPE,CHP_BEAT_TYPE,CITY_DIVISION_LAPD,CHP_BEAT_CLASS,BEAT_NUMBER,PRIMARY_RD,SECONDARY_RD,DISTANCE,DIRECTION,INTERSECTION,WEATHER_1,WEATHER_2,STATE_HWY_IND,CALTRANS_COUNTY,CALTRANS_DISTRICT,STATE_ROUTE,ROUTE_SUFFIX,POSTMILE_PREFIX,POSTMILE,LOCATION_TYPE,RAMP_INTERSECTION,SIDE_OF_HWY,TOW_AWAY,COLLISION_SEVERITY,NUMBER_KILLED,NUMBER_INJURED,PARTY_COUNT,PRIMARY_COLL_FACTOR,PCF_CODE_OF_VIOL,PCF_VIOL_CATEGORY,PCF_VIOLATION,PCF_VIOL_SUBSECTION,HIT_AND_RUN,TYPE_OF_COLLISION,MVIW,PED_ACTION,ROAD_SURFACE,ROAD_COND_1,ROAD_COND_2,LIGHTING,CONTROL_DEVICE,CHP_ROAD_TYPE,PEDESTRIAN_ACCIDENT,BICYCLE_ACCIDENT,MOTORCYCLE_ACCIDENT,TRUCK_ACCIDENT,NOT_PRIVATE_PROPERTY,ALCOHOL_INVOLVED,STWD_VEHTYPE_AT_FAULT,CHP_VEHTYPE_AT_FAULT,COUNT_SEVERE_INJ,COUNT_VISIBLE_INJ,COUNT_COMPLAINT_PAIN,COUNT_PED_KILLED,COUNT_PED_INJURED,COUNT_BICYCLIST_KILLED,COUNT_BICYCLIST_INJURED,COUNT_MC_KILLED,COUNT_MC_INJURED,PRIMARY_RAMP,SECONDARY_RAMP,LATITUDE,LONGITUDE,COUNTY,CITY,POINT_X,POINT_Y
91523579,2021,2021-07-19,9255,2021-07-11,1745,020563,,7,2,9,0500,0,3,5,,2,001,"HOGAN DAM RD","LAKE VIEW CIRCLE",1820.00,N,N,A,-,N,,,,,,,,,,Y,2,0,2,2,A,-,01,23152,A,N,F,A,A,A,H,-,A,D,0,,,Y,,Y,Y,D,22,2,0,0,0,0,0,0,0,1,"- ","- ",38.168270111083984,-120.81330108642578,CALAVERAS,UNINCORPORATED,-120.81338500976562,38.168113708496094
91525256,2021,2021-07-21,9255,2021-07-13,2015,019557,,2,2,9,0500,0,1,3,,2,040,SR-4,"HUNTER DAM RD",528.00,E,N,A,-,Y,,,4,,,,,,,Y,2,0,3,2,A,-,05,21460,A,N,A,C,A,A,H,-,B,D,0,,,,,Y,,A,08,2,0,1,0,0,0,0,0,0,"- ","- ",38.1998291015625,-120.36588287353516,CALAVERAS,UNINCORPORATED,-120.36590576171875,38.199813842773438
91554801,2021,2021-08-26,9255,2021-08-17,1030,018894,,2,1,9,0500,0,1,3,,2,060,"STATE ROUTE 4","PACIFIC VALLEY ROAD",5280.00,W,N,A,-,Y,,,,,,,,,,Y,2,0,2,2,A,-,05,21650,,N,B,C,A,A,H,-,A,D,0,,,Y,,Y,,C,02,1,0,1,0,0,0,0,0,2,"- ","- ",38.516738891601562,-119.90899658203125,CALAVERAS,UNINCORPORATED,-119.90988159179688,38.515895843505859
91561465,2021,2021-09-02,9255,2021-08-24,1730,019640,,2,2,9,0500,0,3,5,,2,003,"BLUE MOUNTAIN ROAD","NOBLE ROAD",0.00,,Y,A,-,N,,,,,,,,,,Y,2,0,1,1,A,-,03,22350,,N,F,A,A,A,H,-,A,D,0,,,Y,,Y,,C,02,1,0,0,0,0,0,0,0,1,"- ","- ",38.3739013671875,-120.50444793701172,CALAVERAS,UNINCORPORATED,-120.50443267822266,38.373409271240234
91562325,2021,2021-09-03,9255,2021-08-08,1445,019557,,7,2,9,0500,0,1,3,,1,021,SR-4,"MAIN STREET",0.00,,Y,A,-,Y,,,4,,,,,,,Y,2,0,6,2,A,-,09,21802,A,N,D,C,A,A,H,-,A,A,0,,,,,Y,,A,01,4,2,0,0,0,0,0,0,0,"- ","- ",37.983379364013672,-120.64541625976562,CALAVERAS,UNINCORPORATED,-120.64543914794922,37.983379364013672
91582416,2021,2021-09-29,9255,2021-06-05,0715,019534,,6,1,9,0500,0,1,3,,2,030,"STATE ROUTE 49","O'CONNELL LANE",5280.00,S,N,A,-,Y,,,49,,,,,,,Y,1,1,1,2,A,-,05,21460,A,N,A,C,A,A,H,-,A,D,0,,,,,Y,,D,22,0,1,0,0,0,0,0,0,0,"- ","- ",38.175090789794922,-120.66091156005859,CALAVERAS,UNINCORPORATED,-120.66089630126953,38.175113677978516
91589451,2021,2021-10-06,9255,2021-06-25,2015,019996,,5,2,9,0500,0,3,5,,2,005,"MEADOW DRIVE","SAINT ANDREWS COURT",433.00,W,N,A,-,N,,,,,,,,,,Y,1,1,3,1,A,-,01,23152,A,N,F,A,A,A,H,-,B,D,0,,,,,Y,Y,M,96,1,2,0,0,0,0,0,0,0,"- ","- ",38.258991241455078,-120.32731628417969,CALAVERAS,UNINCORPORATED,-120.32732391357422,38.258975982666016
91590585,2021,2021-10-07,9255,2021-09-26,1830,019885,,7,2,9,0500,0,3,5,,2,001,"BALDWIN ST","JENNY LIND RD",0.00,,Y,A,-,Y,,,,,,,,,,N,2,0,1,1,A,-,03,22350,,N,E,I,A,A,H,-,A,A,0,,,,,Y,,D,22,1,0,0,0,0,0,0,0,0,"- ","- ",38.096820831298828,-120.87412261962891,CALAVERAS,UNINCORPORATED,,
91691052,2021,2022-02-01,9255,2021-12-09,1055,018318,,4,1,9,0500,0,1,3,,1,010,SR-12,"WARDS AVENUE",1912.00,E,N,B,C,Y,,,,,,,,,,Y,1,1,1,2,A,-,01,23152,F,N,A,C,A,B,H,-,A,D,0,,,,,Y,,A,01,1,0,0,0,0,0,0,0,0,"- ","- ",38.189979553222656,-120.25499725341797,CALAVERAS,UNINCORPORATED,-120.97270965576172,38.19091796875
91692613,2021,2022-02-03,9255,2021-12-09,2500,018492,,4,4,9,0500,0,1,3,,2,050,SR-4,"GOLDEN TORCH DR",1584.00,W,N,A,-,Y,,,4,,,,,,,Y,1,1,0,1,A,-,08,22107,,N,E,I,A,C,H,-,D,D,0,,,,,Y,,D,22,0,0,0,0,0,0,0,0,0,"- ","- ",38.292568206787109,-120.28964233398438,CALAVERAS,UNINCORPORATED,-120.28965759277344,38.292621612548828
91749278,2022,2022-04-15,9255,2022-04-08,1412,018318,,5,2,9,0500,0,1,3,,1,010,SR-12,"LIME CREEK ROAD",283.00,E,N,A,-,Y,CAL,,12,,,10.459,H,,R,Y,2,0,1,2,A,-,08,22107,,N,C,C,A,A,H,-,A,D,0,,,Y,,Y,,A,01,1,0,0,0,0,0,0,0,1,"- ","- ",38.193641662597656,-120.8197021484375,CALAVERAS,UNINCORPORATED,-120.81970977783203,38.193675994873047
91762172,2022,2022-05-02,9255,2022-04-23,1112,018363,,6,1,9,0500,0,1,3,,1,021,"STATE ROUTE 4","HORSESHOE DR",3453.00,E,N,A,-,Y,CAL,,4,,R,5.737,H,,R,Y,2,0,1,2,A,-,03,22350,,N,B,C,A,A,H,-,A,D,0,,,Y,,Y,,C,02,1,0,0,0,0,0,0,0,1,"- ","- ",37.959060668945312,-120.67569732666016,CALAVERAS,UNINCORPORATED,-120.67572021484375,37.959075927734375
91786823,2022,2022-06-02,9255,2022-05-25,0252,018363,,3,3,9,0500,0,3,5,,2,002,"LITTLE JOHN RD","MOCCASIN ST",498.00,N,N,A,-,N,,,,,,,,,,Y,2,0,2,1,A,-,01,23152,A,N,E,I,A,A,H,-,D,D,0,,,,,Y,Y,A,01,1,1,0,0,0,0,0,0,0,"- ","- ",37.913131713867188,-120.62104034423828,CALAVERAS,UNINCORPORATED,-120.62062072753906,37.913089752197266
91793901,2022,2022-06-13,9255,2022-06-10,1830,020142,,5,2,9,0500,0,1,3,,2,031,SR-26,"JESUS MARIA RD",120.00,E,N,A,-,Y,CAL,,26,,,19.530,H,,R,Y,2,0,1,1,A,-,01,23152,A,N,E,8,A,A,H,-,A,D,0,,,,,Y,Y,D,22,1,0,0,0,0,0,0,0,0,"- ","- ",38.300209045410156,-120.68386840820312,CALAVERAS,UNINCORPORATED,-120.68386840820312,38.300140380859375
91824263,2022,2023-02-28,9255,2022-05-05,1510,019246,,4,2,9,0500,0,1,3,,1,011,SR-26,"HOWARD LN",2112.00,W,N,A,-,Y,CAL,,26,,,17.097,H,,R,Y,1,1,0,1,A,-,01,23152,,N,E,I,A,A,C,-,A,D,0,,,,,Y,Y,A,01,0,0,0,0,0,0,0,0,0,"- ","- ",38.289981842041016,-120.71556854248047,CALAVERAS,UNINCORPORATED,-120.71559906005859,38.290008544921875
91833414,2022,2022-08-04,9255,2022-07-25,1915,019525,,1,2,9,0500,0,1,3,,1,010,SR-12,"CHESTNUT ST",480.00,E,N,A,-,Y,CAL,,12,,,10.103,H,,R,N,2,0,1,2,A,-,09,21804,A,N,D,C,A,A,H,-,A,D,0,,,Y,,Y,,D,22,1,0,0,0,0,0,0,0,1,"- ","- ",38.192489624023438,-120.82633972167969,CALAVERAS,UNINCORPORATED,-120.82634735107422,38.1925048828125
91921745,2022,2022-11-18,9255,2022-11-07,1523,019885,,1,2,9,0500,0,1,3,,2,030,SR-49,"FOURTH CROSSING RD",1560.00,N,N,A,-,Y,CAL,,49,,,14.518,H,,R,Y,2,0,1,1,A,-,08,22107,,N,E,I,A,A,H,-,A,D,0,,,,,Y,,A,01,1,0,0,0,0,0,0,0,0,"- ","- ",38.137271881103516,-120.63488006591797,CALAVERAS,UNINCORPORATED,-120.63483428955078,38.137260437011719
91958320,2022,2023-01-03,9255,2022-12-21,2028,019246,,3,2,9,0500,0,2,4,,2,034,"RAILROAD FLAT RD","CEDAR SPRINGS RD",320.00,S,N,B,-,N,,,,,,,,,,Y,2,0,1,1,A,-,08,22107,,N,E,I,A,A,H,-,D,D,0,,,,,Y,,D,22,1,0,0,0,0,0,0,0,0,"- ","- ",38.259178161621094,-120.51992797851562,CALAVERAS,UNINCORPORATED,-120.51955413818359,38.259281158447266
92007790,2023,2023-07-17,9255,2023-01-17,1144,016918,,2,1,9,0500,0,1,3,,1,010,"STATE ROUTE 12","WARDS AVENUE",80.00,W,N,A,-,Y,CAL,,12," "," ",0.904,H,,R,Y,1,1,2,2,A,-,01,23152,A,N,A,C,A,A,H,-,A,D,0,,,,,Y,Y,A,01,2,0,0,0,0,0,0,0,0,"- ","- ",38.194358825683594,-120.97804260253906,CALAVERAS,UNINCORPORATED,-120.97803497314453,38.194366455078125
92049325,2022,2023-04-20,9255,2022-12-25,1803,019885,,7,2,9,0500,0,3,5,,2,003,"RAILROAD FLAT RD","SIERRA OAKS DR",619.00,S,N,A,-,N,,,,,,,,,,Y,1,1,0,1,A,-,08,22107,,N,E,I,A,A,H,-,D,D,0,,,,,Y,,A,01,0,0,0,0,0,0,0,0,0,"- ","- ",38.299949645996094,-120.50316619873047,CALAVERAS,UNINCORPORATED,-120.50325012207031,38.299858093261719
92053749,2023,2023-04-26,9255,2023-04-09,1759,019534,,7,2,9,0500,0,3,5,,2,001,"SOUTHWORTH RD","WHITE OWL DR",350.00,N,N,A,-,N,,,,,,,,,,Y,2,0,1,1,A,-,01,23152,A,N,E,I,A,A,H,-,A,D,0,,,Y,,Y,Y,C,02,1,0,0,0,0,0,0,0,1,"- ","- ",38.058948516845703,-120.73988342285156,CALAVERAS,UNINCORPORATED,-120.95668792724609,38.165287017822266
92086024,2023,2023-06-05,9255,2023-05-20,1901,017537,,6,2,9,0500,0,3,5,,2,004,"ROLLERI BYPASS RD",SR-4,200.00,S,N,A,-,N,,,,,,,,,,Y,2,0,1,1,A,-,08,22107,,N,E,I,A,A,H,-,A,D,0,,,Y,,Y,,C,02,1,0,0,0,0,0,0,0,1,"- ","- ",38.078468322753906,-120.52716827392578,CALAVERAS,UNINCORPORATED,-120.53448486328125,38.080524444580078
92120693,2023,2023-07-19,9255,2023-07-09,1635,019534,,7,2,9,0500,0,1,3,,1,010,"STATE ROUTE 12","STATE ROUTE 49",900.00,W,N,A,-,Y,CAL,,12," "," ",18.005,H,,R,Y,2,0,1,1,A,-,08,22107,,N,F,A,A,A,H,-,A,D,0,,,Y,,Y,,C,02,1,0,0,0,0,0,0,0,1,"- ","- ",38.206699371337891,-120.699951171875,CALAVERAS,UNINCORPORATED,-120.69993591308594,38.206722259521484
92148602,2023,2023-08-21,9255,2023-07-23,1652,019996,,7,2,9,0500,0,1,3,,1,021,SR-4,"HUNT ROAD",5808.00,W,N,A,-,Y,CAL,,4," "," ",13.336,H,,R,Y,2,0,1,1,A,-,08,22107,,N,F,A,A,A,H,-,A,D,0,,,,,Y,,B,07,1,0,0,0,0,0,0,0,0,"- ","- ",38.026031494140625,-120.64562225341797,CALAVERAS,UNINCORPORATED,-120.64566040039062,38.026016235351562
92162112,2023,2023-09-05,9255,2023-08-23,2130,020563,,3,2,9,0500,0,2,4,,1,022,"OBYRNES FERRY","BAKER ST",480.00,S,N,A,-,N,,,,,,,,,,Y,2,0,1,2,A,-,05,21460,A,N,A,C,A,A,H,-,D,D,0,,,Y,,Y,,A,01,1,0,0,0,0,0,0,0,1,"- ","- ",37.9805908203125,-120.64098358154297,CALAVERAS,UNINCORPORATED,,
92174808,2023,2023-09-20,9255,2023-09-09,1405,016918,,6,2,9,0500,0,3,5,,2,003,"JESUS MARIA RD","HAWVER RD",10032.00,E,N,A,-,N,,,,,,,,,,N,2,0,2,1,A,-,03,22350,,N,F,A,A,A,H,-,A,D,0,,,Y,,Y,,C,02,2,0,0,0,0,0,0,0,2,"- ","- ",38.284400939941406,-120.63983154296875,CALAVERAS,UNINCORPORATED,-120.64097595214844,38.284221649169922
92178994,2023,2023-09-25,9255,2023-09-19,1058,017286,,2,1,9,0500,0,1,3,,2,030,SR-49,SR-12,1056.00,N,N,A,-,Y,CAL,,49," ",R,20.753,H,,R,Y,2,0,2,2,A,-,03,22350,,N,C,C,A,A,H,-,A,D,0,,,,,Y,,D,22,2,0,0,0,0,0,0,0,0,"- ","- ",38.208400726318359,-120.69721984863281,CALAVERAS,UNINCORPORATED,-120.69719696044922,38.208400726318359
92197189,2023,2024-10-24,9255,2023-07-20,1626,019885,,4,2,9,0500,0,3,5,,2,002,"LITTLE JOHN RD","COPPER COVE DR",104.00,N,N,A,-,N,,,,,,,,,,Y,1,1,0,1,A,-,01,23152,A,N,E,I,A,A,H,-,A,D,0,,,,,Y,Y,A,01,0,0,0,0,0,0,0,0,0,"- ","- ",37.932098388671875,-120.64335632324219,CALAVERAS,UNINCORPORATED,-120.64322662353516,37.932033538818359
92197271,2023,2023-10-12,9255,2023-09-24,2315,019246,,7,3,9,0500,0,3,5,,2,002,"LITTLE JOHN RD","QUIVER ST",2640.00,N,N,A,-,N,,,,,,,,,,Y,2,0,1,1,A,-,01,23152,A,N,F,A,A,A,H,-,D,D,0,,,,,Y,Y,A,01,1,0,0,0,0,0,0,0,0,"- ","- ",37.950450897216797,-120.65203857421875,CALAVERAS,UNINCORPORATED,-120.64783477783203,37.94244384765625
92204702,2023,2023-10-20,9255,2023-10-11,2155,020563,,3,2,9,0500,0,1,3,,2,030,SR-49,"GOLD RUSH LANE",850.00,N,N,A,-,Y,CAL,,49," "," ",29.353,H,,R,Y,2,0,2,2,A,-,01,23152,A,F,A,C,A,A,H,-,D,D,0,,,,,Y,Y,D,22,1,1,0,0,0,0,0,0,0,"- ","- ",38.300071716308594,-120.73393249511719,CALAVERAS,UNINCORPORATED,-120.73388671875,38.300079345703125
92241765,2023,2023-11-21,9255,2023-11-14,1000,019525,,2,1,9,0500,0,1,3,,1,010,SR-12,"CHESTNUT ST",532.00,E,N,A,-,Y,CAL,,12," "," ",10.102,H,,R,Y,2,0,1,2,A,-,09,21804,A,N,D,C,A,A,C,-,A,A,0,,,Y,,Y,,A,01,1,0,0,0,0,0,0,0,1,"- ","- ",38.192478179931641,-120.82634735107422,CALAVERAS,UNINCORPORATED,-120.82635498046875,38.1925048828125
92254167,2023,2023-12-06,9255,2023-10-21,2115,018894,,6,2,9,0500,0,1,3,,2,050,"STATE ROUTE 4","HOWARD CT",1500.00,E,N,A,-,Y,CAL,,4," "," ",38.043,H,,R,Y,2,0,4,2,A,-,01,23152,A,N,D,C,A,A,H,-,D,D,0,,,,,Y,Y,A,07,2,2,0,0,0,0,0,0,0,"- ","- ",38.212619781494141,-120.36927032470703,CALAVERAS,UNINCORPORATED,-120.36930084228516,38.212612152099609
92256599,2023,2023-12-07,9255,2023-12-02,1745,021793,,6,2,9,0500,0,1,3,,2,040,SR-4,"ANGELS RD",143.00,E,N,B,-,Y,CAL,,4," "," ",25.635,H,,R,Y,2,0,1,1,A,-,08,22107,,N,E,I,A,B,H,-,D,D,0,,,,,Y,,A,07,1,0,0,0,0,0,0,0,0,"- ","- ",38.090568542480469,-120.47557830810547,CALAVERAS,UNINCORPORATED,-120.47557830810547,38.090503692626953
92259773,2023,2023-12-12,9255,2023-11-29,1750,019996,,3,2,9,0500,0,2,4,,2,034,"RAILROAD FLAT ROAD","SIERRA OAKS DRIVE",1200.00,N,N,A,-,N,,,,,,,,,,Y,2,0,1,1,A,-,08,22107,,N,E,8,A,A,H,-,D,D,0,,,,,Y,,A,01,1,0,0,0,0,0,0,0,0,"- ","- ",38.304119110107422,-120.50611877441406,CALAVERAS,UNINCORPORATED,-120.50601959228516,38.303916931152344
92326880,2024,2024-02-29,9255,2024-02-22,2103,021319,,4,2,9,0500,0,1,3,,1,010,SR-12,"LIME CREEK RD",0.00,,Y,A,-,Y,CAL,,12," "," ",11.529,H,,R,Y,2,0,3,2,A,-,01,23152,A,N,A,C,A,A,H,-,D,A,0,,,,,Y,Y,D,22,1,2,0,0,0,0,0,0,0,"- ","- ",38.197319030761719,-120.80078125,CALAVERAS,UNINCORPORATED,-120.80081939697266,38.197360992431641
92388669,2024,2024-05-13,9255,2024-05-08,2136,016918,,3,2,9,0500,0,1,3,,1,011,SR-26,"OLIVE ORCHARD RD",0.00,,Y,A,-,Y,CAL,,26," "," ",5.045,H,,R,Y,2,0,2,2,A,-,09,21802,A,F,D,2,A,A,H,-,D,A,0,,,Y,,Y,,A,07,1,1,0,0,0,0,0,0,2,"- ","- ",38.130268096923828,-120.87409210205078,CALAVERAS,UNINCORPORATED,-120.87406921386719,38.130260467529297
92402047,2024,2024-05-30,9255,2024-05-15,1855,019246,,3,2,9,0500,0,3,5,,2,001,"SANDRETTO RD","CAMPO SECO RD",5280.00,N,N,A,-,N,,,,,,,,,,Y,2,0,1,1,A,-,08,22107,,N,E,I,A,A,H,-,A,D,0,,,Y,,Y,,-,"- ",1,0,0,0,0,0,0,0,1,"- ","- ",38.242069244384766,-120.84245300292969,CALAVERAS,UNINCORPORATED,,
92417812,2024,2024-06-18,9255,2024-06-11,1057,017286,,2,1,9,0500,0,1,3,,1,011,SR-26,"PALOMA RD",1056.00,W,N,A,-,Y,CAL,,26," "," ",13.993,H,,R,Y,2,0,5,2,A,-,05,21460,A,N,A,C,A,A,H,-,A,D,0,,,,,Y,,A,01,1,4,0,0,0,0,0,0,0,"- ","- ",38.256149291992188,-120.74590301513672,CALAVERAS,UNINCORPORATED,-120.74589538574219,38.256145477294922
92441919,2024,2024-07-17,9255,2024-07-14,2028,019246,,7,2,9,0500,0,1,3,,1,011,SR-26,"HOGAN DAM RD",898.00,W,N,A,-,Y,CAL,,26," "," ",9.693,H,,R,Y,2,0,1,2,A,-,05,21460,A,N,A,C,A,A,H,-,B,D,0,,,Y,,Y,,C,02,1,0,0,0,0,0,0,0,1,"- ","- ",38.182960510253906,-120.82621765136719,CALAVERAS,UNINCORPORATED,-120.82623291015625,38.182971954345703
92442381,2024,2024-07-18,9255,2024-06-30,"200 ",021319,,7,3,9,0500,0,1,3,,1,011,SR-12,BOLLEA,15.00,W,N,A,-,Y,CAL,,12," "," ",0.772,H,,R,N,2,0,1,1,A,-,01,23152,A,N,E,8,A,A,H,-,C,D,0,,,,,Y,Y,D,22,1,0,0,0,0,0,0,0,0,"- ","- ",38.195919036865234,-120.97946929931641,CALAVERAS,UNINCORPORATED,-120.97955322265625,38.195892333984375
93097517,2024,2024-08-01,9255,2024-07-19,1814,021319,,5,2,9,0500,0,1,3,,1,010,SR-12,"BRAUNS WAY",2269.00,E,N,A,-,Y,CAL,,12," "," ",14.825,H,,R,Y,2,0,1,1,A,-,03,22350,,N,F,0,A,A,H,-,A,D,0,,,Y,,Y,,C,02,1,0,0,0,0,0,0,0,1,"- ","- ",38.212020874023438,-120.74684143066406,CALAVERAS,UNINCORPORATED,-120.74688720703125,38.211963653564453
94382320,2024,2024-09-05,9255,2024-08-31,2340,021793,,6,3,9,0500,0,3,5,,2,002,"APPALOOSA WAY","BUCKSKIN RD",1722.00,S,N,A,-,N,,,,,,,,,,Y,2,0,1,1,A,-,01,23152,A,N,E,8,A,A,H,-,D,D,0,,,,,Y,Y,-,"- ",1,0,0,0,0,0,0,0,0,"- ","- ",38.039520263671875,-120.62422180175781,CALAVERAS,UNINCORPORATED,-120.62434387207031,38.039600372314453
94510641,2024,2024-12-19,9255,2024-12-08,1800,015872,,7,2,9,0500,0,3,5,,2,004,"SIX MILE ROAD","OLD MURPHYS ROAD",1056.00,N,N,A,-,N,,,,,,,,,,Y,2,0,1,1,A,-,01,23152,A,N,F,0,A,A,H,-,D,D,0,,,,,Y,Y,D,22,1,0,0,0,0,0,0,0,0,"- ","- ",38.106990814208984,-120.49417114257812,CALAVERAS,UNINCORPORATED,-120.49394226074219,38.106098175048828
94512003,2024,2024-12-20,9255,2024-12-12,1819,019885,,4,2,9,0500,0,1,3,,1,011,SR-26,"SILVER RAPIDS RD",0.00,,Y,C,-,Y,CAL,,26," "," ",7.606,H,,R,Y,2,0,5,2,A,-,09,21802,B,N,D,C,A,B,H,-,D,A,0,,,,,Y,,A,01,1,4,0,0,0,0,0,0,0,"- ","- ",38.15911865234375,-120.84661102294922,CALAVERAS,UNINCORPORATED,-120.84659576416016,38.159088134765625
94528065,2024,2025-02-06,9255,2024-12-21,2020,023983,,6,2,9,0500,0,1,3,,1,021,SR-4,"STALLION WAY",0.00,,Y,A,-,Y,CAL,,4," "," ",16.942,H,,R,Y,1,1,0,1,A,-,08,22107,,N,E,I,A,A,H,-,D,D,0,,,,,Y,,A,01,0,0,0,0,0,0,0,0,0,"- ","- ",38.060451507568359,-120.61968994140625,CALAVERAS,UNINCORPORATED,-120.61962890625,38.060428619384766
94578490,2025,2025-02-13,9255,2025-02-05,1400,017324,,3,2,9,0500,0,2,4,,1,041,"MURPHYS GRADE ROAD","FRENCH GULCH ROAD",155.00,W,N,A,-,N,,,,,,,,,,Y,2,0,2,2,A,-,05,21460,,N,A,C,A,A,H,-,A,D,0,,,,,Y,,A,07,1,1,0,0,0,0,0,0,0,"- ","- ",38.133411407470703,-120.47779083251953,CALAVERAS,UNINCORPORATED,-120.51921844482422,38.104953765869141
94583088,2025,2025-02-18,9255,2025-01-15,"830 ",023983,,3,1,9,0500,0,2,4,,2,034,"MOUNTAIN RANCH ROAD","ROCKY ROAD",0.00,,Y,A,-,N,,,,,,,,,,Y,1,1,0,1,A,-,08,22107,,N,E,8,A,C,H,-,A,D,0,,,,,Y,,D,22,0,0,0,0,0,0,0,0,0,"- ","- ",38.18994140625,-120.61293792724609,CALAVERAS,UNINCORPORATED,-120.61273956298828,38.189952850341797
94588107,2024,2025-02-24,9255,2024-12-20,"50  ",023983,,5,3,9,0500,0,1,3,,2,030,SR-49,"MAGERS WAY",63.00,S,N,E,-,Y,CAL,,49," "," ",17.708,H,,R,Y,1,1,0,1,A,-,01,23152,A,N,E,8,A,B,H,-,D,D,0,,,,,Y,Y,A,01,0,0,0,0,0,0,0,0,0,"- ","- ",38.176498413085938,-120.66304016113281,CALAVERAS,UNINCORPORATED,-120.66303253173828,38.176502227783203
94609012,2025,2025-03-18,9255,2025-03-04,2250,019246,,2,3,9,0500,0,1,3,,2,030,SR-49,"GOLD STRIKE ROAD",1531.00,S,N,B,-,Y,CAL,,49," ",R,21.918,H,,R,Y,2,0,2,1,A,-,01,23152,A,N,E,I,A,A,H,-,D,D,0,,,,,Y,Y,A,01,2,0,0,0,0,0,0,0,0,"- ","- ",38.224739074707031,-120.70166015625,CALAVERAS,UNINCORPORATED,-120.70175933837891,38.224712371826172
94692066,2025,2025-05-19,9255,2025-05-06,1252,019525,,2,1,9,0500,0,3,5,,2,001,"KIRBY ST","ROBERTS RD",200.00,W,N,A,-,N,,,,,,,,,,Y,2,0,1,1,A,-,08,22107,,N,E,I,A,A,H,-,A,D,0,,,Y,,Y,,C,02,1,0,0,0,0,0,0,0,1,"- ","- ",38.110149383544922,-120.87114715576172,CALAVERAS,UNINCORPORATED,-120.87105560302734,38.11016845703125
94695330,2025,2025-06-10,9255,2025-03-23,1910,020563,,7,2,9,0500,0,1,3,,1,010,SR-12,"WARDS AVE",1600.00,E,N,A,-,Y,CAL,,12," "," ",1.236,H,,R,Y,1,1,2,2,A,-,01,23152,A,M,A,C,A,A,H,-,A,D,0,,,,,Y,Y,D,22,2,0,0,0,0,0,0,0,0,"- ","- ",38.191539764404297,-120.97309112548828,CALAVERAS,UNINCORPORATED,-120.97314453125,38.191501617431641
94704957,2025,2025-05-29,9255,2025-05-21,"653 ",016918,,3,1,9,0500,0,1,3,,1,010,SR-12,"PETTINGER RD",0.00,,Y,A,-,Y,CAL,,12," "," ",4.762,H,,R,Y,2,0,2,2,A,-,09,21802,A,N,D,C,A,A,H,-,A,A,0,,,,,Y,,A,01,1,1,0,0,0,0,0,0,0,"- ","- ",38.179039001464844,-120.91799163818359,CALAVERAS,UNINCORPORATED,-120.91798400878906,38.179031372070312
94714411,2025,2025-06-05,9255,2025-05-23,2004,023983,,5,2,9,0500,0,1,3,,2,030,"TONE TRAIL","PRUSSIAN HILL ROAD",100.00,S,N,A,-,N,,,,,,,,,,Y,2,0,1,1,A,-,01,23152,A,N,F,A,A,A,H,-,D,D,0,,,Y,,Y,Y,C,06,1,0,0,0,0,0,0,0,1,"- ","- ",38.318328857421875,-120.53141021728516,CALAVERAS,UNINCORPORATED,-120.53143310546875,38.318325042724609
94731094,2025,2025-06-18,9255,2025-06-07,1455,018318,,6,2,9,0500,0,1,3,,1,020,SR-49,"REDHILL ROAD",528.00,S,N,A,-,Y,CAL,,49," "," ",3.894,H,,R,N,2,0,1,1,A,-,08,22107,,N,F,A,A,A,H,-,A,D,0,,,Y,,Y,,C,02,1,0,0,0,0,0,0,0,1,"- ","- ",38.033889770507812,-120.50650787353516,CALAVERAS,UNINCORPORATED,-120.50657653808594,38.033866882324219
94757175,2025,2025-07-10,9255,2025-06-29,1108,019525,,7,1,9,0500,0,1,3,,1,020,SR-49,"DEER CREEK ROAD",0.00,,Y,A,-,Y,CAL,,49," "," ",10.766,H,,R,Y,2,0,1,2,A,-,03,22350,,N,F,I,A,A,H,-,A,D,0,,,,,Y,,A,07,1,0,0,0,0,0,0,0,0,"- ","- ",38.100368499755859,-120.58941650390625,CALAVERAS,UNINCORPORATED,-120.58933258056641,38.100421905517578